version,trip_id,source_asset_id,rows_output,unique_personas,alerts,manual_review,cambio_confirmado,posible_cambio,mismo_conductor,indeterminado,inicio_viaje,mini_ids,fragmented_drivers
v1_main,1052571775085688,105257,57,2,6,6,0,6,50,0,1,1,1
v1_main,1052571775111218,105257,54,2,4,4,0,4,49,0,1,1,1
v1_main,1052571775126558,105257,37,1,1,1,0,1,35,0,1,0,0
v1_main,1066141775007639,106614,45,2,4,4,0,4,40,0,1,1,1
v1_main,1066141775039867,106614,62,2,7,7,0,7,54,0,1,1,1
v1_main,1066141775063347,106614,64,1,0,0,0,0,63,0,1,0,0
v1_main,1066141775086247,106614,74,2,5,5,0,5,68,0,1,1,1
v1_main,1098631776522531,109863,376,2,5,5,0,5,370,0,1,0,1
v1_main,1098631776598420,109863,250,2,3,3,0,3,246,0,1,0,1
v1_main,1098641775019397,109864,39,2,6,6,0,6,32,0,1,0,1
v1_main,1098641775295715,109864,61,3,7,7,0,7,53,0,1,0,2
v1_main,1098641776957565,109864,152,3,17,17,0,17,134,0,1,1,1
v1_main,1211421775239255,121142,81,1,0,0,0,0,80,0,1,0,0
v1_main,1211421775449672,121142,90,1,1,1,0,1,88,0,1,0,0
v1_main,1211421776328950,121142,130,3,14,14,0,14,115,0,1,0,2
v1_main,1211501775020618,121150,48,1,2,2,0,2,45,0,1,0,0
v1_main,1211501775059709,121150,46,1,8,8,0,8,37,0,1,0,0
v1_main,1211501776318412,121150,111,3,2,2,0,2,108,0,1,1,1
v1_main,1213801776293169,121380,34,3,5,5,0,5,28,0,1,0,1
v1_main,1213801776938558,121380,331,2,13,13,0,13,317,0,1,0,1
v1_main,1213811775057001,121381,191,2,20,20,0,20,170,0,1,0,1
v1_main,1213851776315087,121385,221,1,15,15,0,15,205,0,1,0,0
v1_main,1213851776532188,121385,259,2,2,2,0,2,256,0,1,0,1
v1_main,1213851776961895,121385,204,2,11,11,0,11,192,0,1,1,1
v1_main,1213861775217469,121386,123,2,9,9,0,9,113,0,1,1,2
v1_main,1213861775244697,121386,101,1,3,3,0,3,97,0,1,0,0
v1_main,1213861776318760,121386,249,1,3,3,0,3,245,0,1,0,0
v1_main,1213861776375810,121386,138,2,6,6,0,6,131,0,1,0,1
v1_main,1213881776528952,121388,161,2,1,1,0,1,159,0,1,0,1
v1_main,1213891775060917,121389,97,2,5,5,0,5,91,0,1,0,1
v1_main,1213961776546764,121396,171,1,0,0,0,0,170,0,1,0,0
v1_main,1213961776695943,121396,98,1,0,0,0,0,97,0,1,0,0
v1_main,1213961776711893,121396,121,2,3,3,0,3,117,0,1,0,1
v1_main,1213991775115194,121399,203,2,3,3,0,3,199,0,1,0,1
v1_main,1214051776285875,121405,179,2,3,3,0,3,175,0,1,1,1
v1_main,1214051776313672,121405,64,2,5,5,0,5,58,0,1,1,1
v1_main,1214121775172145,121412,61,2,1,1,0,1,59,0,1,0,1
v1_main,1214121775505601,121412,122,2,5,5,0,5,116,0,1,1,1
v1_main,1214121776444601,121412,148,1,3,3,0,3,144,0,1,0,0
v1_main,1214161776369051,121416,400,2,6,6,0,6,393,0,1,1,1
v1_main,1214161776437327,121416,311,3,14,14,0,14,296,0,1,1,1
v1_main,1214161776646557,121416,178,3,5,5,0,5,172,0,1,2,1
v1_main,1214171775087559,121417,96,1,4,4,0,4,91,0,1,0,0
v1_main,1214171776505343,121417,261,1,3,3,0,3,257,0,1,0,0
v1_main,1214191776808863,121419,109,2,5,5,0,5,103,0,1,0,1
v1_main,1214211775145907,121421,169,1,0,0,0,0,168,0,1,0,0
v1_main,1214211775193348,121421,119,1,0,0,0,0,118,0,1,0,0
v1_main,1214301775622904,121430,177,3,17,17,0,17,159,0,1,0,1
v1_main,1214301776533469,121430,130,2,4,4,0,4,125,0,1,1,1
v1_main,1214341776300565,121434,135,2,3,3,0,3,131,0,1,0,1
v1_main,1214341776315510,121434,279,3,5,5,0,5,273,0,1,1,2
v1_main,1214341776422406,121434,153,3,3,3,0,3,149,0,1,0,1
v1_main,1214361775471743,121436,119,2,6,5,1,5,112,0,1,0,1
v1_main,1214401775047277,121440,53,2,17,17,0,17,35,0,1,0,1
v1_main,1214401775064153,121440,57,2,17,17,0,17,39,0,1,0,1
v1_main,1214401775103670,121440,112,2,26,26,0,26,85,0,1,0,1
v1_main,1214401776376502,121440,81,2,2,2,0,2,78,0,1,1,1
v1_main,1214401776429290,121440,74,1,2,2,0,2,71,0,1,0,0
v1_main,1214401776447928,121440,98,2,3,3,0,3,94,0,1,0,1
v1_main,1214401776908776,121440,63,2,4,4,0,4,58,0,1,0,1
v1_main,1214451776357406,121445,251,2,4,4,0,4,246,0,1,0,1
v1_main,1214451776412924,121445,170,2,6,5,1,5,163,0,1,0,1
v1_main,1218891776871579,121889,283,2,3,3,0,3,279,0,1,1,1
v1_main,1236121775057117,123612,130,2,7,7,0,7,122,0,1,1,1
v1_main,1236121775084375,123612,202,1,0,0,0,0,201,0,1,0,0
v1_main,1236121775751874,123612,111,1,2,2,0,2,108,0,1,0,0
v1_main,1236121775769714,123612,111,2,6,6,0,6,104,0,1,1,1
v1_main,1236121775830984,123612,122,2,13,13,0,13,108,0,1,0,1
v1_main,1236121776574767,123612,225,2,1,1,0,1,223,0,1,0,1
v1_main,1236131775007199,123613,59,2,5,5,0,5,53,0,1,1,1
v1_main,1236131775168872,123613,51,2,5,5,0,5,45,0,1,1,1
v1_main,1236131775183742,123613,93,1,1,1,0,1,91,0,1,0,0
v1_main,1236131775556075,123613,75,2,5,5,0,5,69,0,1,0,1
v1_main,1243861775149241,124386,123,2,5,5,0,5,117,0,1,0,1
v1_main,1243861775525324,124386,212,2,3,2,1,2,208,0,1,1,1
v1_main,1243861776340498,124386,257,3,3,3,0,3,253,0,1,1,1
v1_main,1243861776478564,124386,259,3,9,8,1,8,249,0,1,0,1
v1_main,1243861776560537,124386,281,3,3,3,0,3,277,0,1,0,2
v1_main,1245811775015664,124581,65,2,4,4,0,4,60,0,1,1,1
v1_main,1245811775086706,124581,82,1,16,16,0,16,65,0,1,0,0
v1_main,1245811776333528,124581,185,2,13,13,0,13,171,0,1,0,0
v1_main,1245811776605963,124581,128,1,9,9,0,9,118,0,1,0,0
v1_main,1245851776474907,124585,153,2,1,1,0,1,151,0,1,0,1
v1_main,1250351776461711,125035,280,2,3,3,0,3,276,0,1,0,1
v1_main,1250351776493066,125035,378,2,2,1,1,1,375,0,1,0,1
v1_main,1250361775098312,125036,79,2,4,4,0,4,74,0,1,1,2
v1_main,1250361775157420,125036,109,3,5,5,0,5,103,0,1,1,1
v1_main,1250361776335230,125036,202,1,2,2,0,2,199,0,1,0,0
v1_main,1256191775060406,125619,93,2,9,9,0,9,83,0,1,0,1
v1_main,1256191775338515,125619,65,1,0,0,0,0,64,0,1,0,0
v1_main,1256191776449149,125619,262,2,3,3,0,3,258,0,1,0,1
v1_main,1256191776478958,125619,256,2,5,5,0,5,250,0,1,0,2
v1_main,1256191776519659,125619,113,2,5,4,1,4,107,0,1,1,1
v1_main,1263951775102100,126395,79,5,15,15,0,15,63,0,1,2,2
v1_main,1263951775342723,126395,61,1,4,4,0,4,56,0,1,0,0
v1_main,1263951775406740,126395,52,2,8,8,0,8,43,0,1,0,1
v1_main,1263951776372708,126395,117,3,5,5,0,5,111,0,1,1,1
v1_main,1263951776395748,126395,141,3,12,12,0,12,128,0,1,0,2
v1_main,1264001775237348,126400,43,2,7,7,0,7,35,0,1,1,1
v1_main,1264001775329460,126400,43,2,5,5,0,5,37,0,1,1,1
v1_main,1264001776343000,126400,188,2,12,12,0,12,175,0,1,0,2
v1_main,1264001776536030,126400,129,1,6,6,0,6,122,0,1,0,0
v1_main,1264001776606637,126400,116,2,5,5,0,5,110,0,1,1,1
v1_main,1264091775090606,126409,115,2,15,14,1,14,99,0,1,0,1
v1_main,1264091775113066,126409,77,3,8,7,1,7,68,0,1,1,1
v1_main,1264281775006966,126428,59,2,9,9,0,9,49,0,1,0,2
v1_main,1264281775205639,126428,73,2,10,10,0,10,62,0,1,0,2
v1_main,1264281775309154,126428,63,2,5,5,0,5,57,0,1,1,1
v1_main,1264291775143352,126429,36,1,1,1,0,1,34,0,1,0,0
v1_main,1264291775172775,126429,46,2,4,4,0,4,41,0,1,1,1
v1_main,1264291775330721,126429,31,2,2,1,1,1,28,0,1,1,1
v1_main,1264291776337806,126429,387,3,14,14,0,14,372,0,1,1,1
v1_main,1264291776430246,126429,153,3,13,10,3,10,139,0,1,0,1
v1_main,1264291776458997,126429,147,1,7,7,0,7,139,0,1,0,0
v1_main,1264301775275364,126430,139,2,7,7,0,7,131,0,1,0,1
v1_main,1264301775372311,126430,152,3,14,14,0,14,137,0,1,2,1
v1_main,1264301776337759,126430,237,2,11,11,0,11,225,0,1,0,2
v1_main,1264301776387256,126430,187,2,2,2,0,2,184,0,1,0,1
v1_main,1264341775399858,126434,162,2,16,14,2,14,145,0,1,0,2
v1_main,1264341776448125,126434,364,2,4,4,0,4,359,0,1,1,1
v1_main,1264341776503271,126434,109,1,1,1,0,1,107,0,1,0,0
v1_main,1264341776544548,126434,80,2,6,6,0,6,73,0,1,1,1
v1_main,1264341776928319,126434,122,2,9,9,0,9,112,0,1,0,1
v1_main,1264391775040919,126439,50,2,6,6,0,6,43,0,1,1,1
v1_main,1264391775071870,126439,41,2,2,2,0,2,38,0,1,1,1
v1_main,1264401775046523,126440,81,2,14,14,0,14,66,0,1,0,2
v1_main,1264401775100681,126440,76,1,2,2,0,2,73,0,1,0,0
v1_main,1264401775111741,126440,86,2,5,5,0,5,80,0,1,0,0
v1_main,1264401776301422,126440,86,1,1,1,0,1,84,0,1,0,0
v1_main,1264401776323964,126440,116,3,5,5,0,5,110,0,1,1,1
v1_main,1270471775074005,127047,68,3,7,7,0,7,60,0,1,2,1
v1_main,1270471775144100,127047,59,1,6,6,0,6,52,0,1,0,0
v1_main,1270471775189011,127047,65,3,7,7,0,7,57,0,1,1,1
v1_main,1278961775037478,127896,110,2,7,5,2,5,102,0,1,1,2
v1_main,1278961775094027,127896,74,2,9,8,1,8,64,0,1,0,1
v1_main,1278961776284171,127896,59,1,9,9,0,9,49,0,1,0,0
v1_main,1278961776305664,127896,110,1,2,2,0,2,107,0,1,0,0
v1_main,1278961776379679,127896,85,1,3,3,0,3,81,0,1,0,0
v1_main,1479961775164998,147996,111,2,10,9,1,9,100,0,1,0,1
v1_main,1480061775253090,148006,17,2,4,3,1,3,12,0,1,1,1
v1_main,1480061775299920,148006,35,1,6,6,0,6,28,0,1,0,0
v1_main,1480061776493298,148006,213,3,2,2,0,2,210,0,1,0,2
v1_main,1480061776559750,148006,187,2,2,2,0,2,184,0,1,1,1
v1_main,1480061776636715,148006,168,1,1,0,1,0,166,0,1,0,0
v1_main,1480091775247591,148009,113,3,10,10,0,10,102,0,1,1,2
v1_main,1480091776346277,148009,227,3,7,7,0,7,219,0,1,0,1
v1_main,1480091776379263,148009,129,2,8,8,0,8,120,0,1,1,1
v1_main,1480121775031911,148012,76,1,3,3,0,3,72,0,1,0,0
v1_main,1480121775491525,148012,88,2,9,7,2,7,78,0,1,0,1
v1_main,1480121776323426,148012,179,1,1,1,0,1,177,0,1,0,0
v1_main,1480121776350966,148012,313,2,6,4,2,4,306,0,1,1,1
v1_main,1480121776414071,148012,287,1,2,1,1,1,284,0,1,0,0
v1_main,1480121776927696,148012,85,1,0,0,0,0,84,0,1,0,0
v1_main,1480211775517727,148021,106,2,3,3,0,3,102,0,1,0,1
v1_main,1480211776288557,148021,111,2,2,2,0,2,108,0,1,0,1
v1_main,1486491775187931,148649,70,2,10,10,0,10,59,0,1,1,1
v1_main,1486491775224728,148649,76,2,1,1,0,1,74,0,1,0,2
v1_main,1486491775252958,148649,47,2,3,3,0,3,43,0,1,1,1
v1_main,1486491775314441,148649,94,2,9,9,0,9,84,0,1,0,2
v1_main,1486491776482041,148649,183,2,4,4,0,4,178,0,1,0,1
v1_main,1486491776514520,148649,68,2,10,10,0,10,57,0,1,1,1
v1_main,1486491776919925,148649,167,1,0,0,0,0,166,0,1,0,0
v1_main,1507111775186314,150711,68,2,3,2,1,2,64,0,1,0,1
v1_main,1507111775235100,150711,84,3,10,9,1,9,73,0,1,2,1
v1_main,1507111776401624,150711,129,4,10,10,0,10,118,0,1,2,2
v1_main,1509261775133507,150926,49,1,3,3,0,3,45,0,1,0,0
v1_main,1509261776350606,150926,68,1,0,0,0,0,67,0,1,0,0
v1_main,1509271775067704,150927,36,1,1,1,0,1,34,0,1,0,0
v1_main,1509271775124548,150927,46,2,1,1,0,1,44,0,1,1,1
v1_main,1509271775185680,150927,49,1,1,1,0,1,47,0,1,0,0
v1_main,1509271776298576,150927,108,1,1,1,0,1,106,0,1,0,0
v1_main,1509271776365794,150927,83,2,3,2,1,2,79,0,1,0,1
v1_main,1509271776396674,150927,91,2,3,3,0,3,87,0,1,1,1
v1_main,1509271776947490,150927,74,2,5,5,0,5,68,0,1,0,1
v1_main,1509291775178980,150929,79,2,1,1,0,1,77,0,1,1,1
v1_main,1509291775221741,150929,78,2,5,5,0,5,72,0,1,0,1
v1_main,1509291776301080,150929,179,1,7,7,0,7,171,0,1,0,0
v1_main,1509291776357797,150929,214,4,8,8,0,8,205,0,1,1,1
v1_main,1509331775567630,150933,48,1,0,0,0,0,47,0,1,0,0
v1_main,1509351775002287,150935,38,1,2,2,0,2,35,0,1,0,0
v1_main,1526701775023627,152670,98,2,10,10,0,10,87,0,1,0,1
v1_main,1526701775098261,152670,77,3,13,13,0,13,63,0,1,0,2
v1_main,1526701775380109,152670,62,2,5,4,1,4,56,0,1,0,1
v1_main,1526701776379291,152670,287,3,4,4,0,4,282,0,1,0,1
v1_main,1526701776406119,152670,250,1,2,2,0,2,247,0,1,0,0
v1_main,1526701776453282,152670,195,3,3,3,0,3,191,0,1,1,1
v1_main,1532971776423860,153297,221,1,7,7,0,7,213,0,1,0,0
v1_main,1532971776467859,153297,268,3,6,6,0,6,261,0,1,0,1
v1_main,1532971776730396,153297,267,1,2,2,0,2,264,0,1,0,0
v1_main,1532971776924084,153297,227,1,1,1,0,1,225,0,1,0,0
v1_main,1569091775355421,156909,61,1,0,0,0,0,60,0,1,0,0
v1_main,1569091775578496,156909,91,3,9,9,0,9,81,0,1,2,1
v1_main,1569091776328406,156909,219,3,5,5,0,5,213,0,1,1,1
v1_main,1569091776501586,156909,283,2,7,7,0,7,275,0,1,0,1
v1_main,1569091776668527,156909,255,1,1,1,0,1,253,0,1,0,0
v1_main,1582201775041620,158220,82,3,7,7,0,7,74,0,1,1,1
v1_main,1582201775075101,158220,38,2,5,5,0,5,32,0,1,0,1
v1_main,1582201775114208,158220,151,2,14,12,2,12,136,0,1,0,1
v1_main,1582201776637547,158220,130,3,15,15,0,15,114,0,1,2,1
v1_main,1582201776728707,158220,229,3,4,4,0,4,224,0,1,1,1
v1_main,1582201776753897,158220,193,1,2,2,0,2,190,0,1,0,0
v1_main,1582231775543731,158223,52,1,0,0,0,0,51,0,1,0,0
v1_main,1582231775575988,158223,54,2,2,1,1,1,51,0,1,1,1
v1_main,1582231776464240,158223,264,2,2,2,0,2,261,0,1,0,2
v1_main,1592541775299388,159254,85,4,16,15,1,15,68,0,1,1,3
v1_main,1592541775399840,159254,101,2,14,14,0,14,86,0,1,0,1
v1_main,1592541775446049,159254,57,1,1,1,0,1,55,0,1,0,0
v1_main,1592541776621898,159254,172,1,6,6,0,6,165,0,1,0,0
v1_main,1592541776929343,159254,187,4,7,7,0,7,179,0,1,0,2
v1_main,1592551775033936,159255,61,1,4,4,0,4,56,0,1,0,0
v1_main,1592551775068703,159255,49,2,6,6,0,6,42,0,1,0,1
v1_main,1592551776300447,159255,150,1,5,5,0,5,144,0,1,0,0
v1_main,1592551776381135,159255,146,2,12,12,0,12,133,0,1,1,1
v1_main,1592551776402564,159255,105,1,0,0,0,0,104,0,1,0,0
v1_main,1592761776571334,159276,308,2,7,7,0,7,300,0,1,0,1
v1_main,1592761776616929,159276,231,2,3,3,0,3,227,0,1,0,2
v1_main,1593491775057473,159349,57,2,7,6,1,6,49,0,1,0,1
v1_main,1593491775098280,159349,89,2,13,11,2,11,75,0,1,0,1
v1_main,1593491776417636,159349,178,3,10,8,2,8,167,0,1,1,1
v1_main,1593491776481385,159349,50,2,8,7,1,7,41,0,1,1,1
v1_main,1618671775002688,161867,68,2,3,3,0,3,64,0,1,1,1
v1_main,1618671775021611,161867,74,2,6,5,1,5,67,0,1,0,1
v1_main,1618671776287832,161867,29,1,0,0,0,0,28,0,1,0,0
v1_main,1625481776460195,162548,127,2,4,4,0,4,122,0,1,0,1
v1_main,1625481776478204,162548,240,1,1,1,0,1,238,0,1,0,0
v1_main,1627131776337887,162713,261,3,6,6,0,6,254,0,1,0,1
v1_main,1627131776431187,162713,366,2,7,7,0,7,358,0,1,0,1
v1_main,1627131776476503,162713,273,3,2,2,0,2,270,0,1,0,1
v1_main,1628241775071412,162824,44,2,2,2,0,2,41,0,1,0,1
v1_main,1628241776295776,162824,181,4,8,8,0,8,172,0,1,0,2
v1_main,1628241776398835,162824,143,1,1,1,0,1,141,0,1,0,0
v1_main,1628241776421546,162824,144,2,3,3,0,3,140,0,1,0,1
v1_main,1628311775636837,162831,70,2,2,2,0,2,67,0,1,1,1
v1_main,1628311776467472,162831,143,2,5,5,0,5,137,0,1,0,1
v1_main,1628311776915649,162831,148,2,2,2,0,2,145,0,1,0,1
v1_main,1628311776961752,162831,151,2,4,4,0,4,146,0,1,0,1
v1_main,1646431775167252,164643,97,2,8,8,0,8,88,0,1,0,1
v1_main,1646431775645624,164643,79,2,5,5,0,5,73,0,1,1,1
v1_main,1646431776914669,164643,202,1,0,0,0,0,201,0,1,0,0
v1_main,1648861776897837,164886,387,2,7,7,0,7,379,0,1,0,1
v1_main,1648871775293761,164887,67,3,10,10,0,10,56,0,1,0,2
v1_main,1648871775322408,164887,66,2,6,6,0,6,59,0,1,0,1
v1_main,1648871776655388,164887,75,2,4,4,0,4,70,0,1,1,1
v1_main,1648871776859097,164887,175,1,9,9,0,9,165,0,1,0,0
v1_main,1648871776901089,164887,171,1,4,4,0,4,166,0,1,0,0
v1_main,1648901775015502,164890,74,2,11,11,0,11,62,0,1,1,1
v1_main,1648901775057795,164890,77,2,8,8,0,8,68,0,1,1,1
v1_main,1648901775087993,164890,68,2,9,9,0,9,58,0,1,0,1
v1_main,1648901776369305,164890,125,1,3,3,0,3,121,0,1,0,0
v1_main,1648901776436275,164890,118,3,6,6,0,6,111,0,1,1,1
v1_main,1648911775240073,164891,70,1,4,4,0,4,65,0,1,0,0
v1_main,1648911775267563,164891,71,1,1,1,0,1,69,0,1,0,0
v1_main,1648911775308093,164891,67,2,7,6,1,6,59,0,1,0,1
v1_main,1648911775324423,164891,66,2,5,5,0,5,60,0,1,0,2
v1_main,1648911775341673,164891,25,2,2,2,0,2,22,0,1,1,1
v1_main,1648921775061112,164892,102,2,10,8,2,8,91,0,1,0,2
v1_main,1648921775082526,164892,186,1,1,1,0,1,184,0,1,0,0
v1_main,1648921775538758,164892,237,1,0,0,0,0,236,0,1,0,0
v1_main,1649011775077517,164901,96,2,12,10,2,10,83,0,1,0,2
v1_main,1649011775110572,164901,105,2,9,9,0,9,95,0,1,0,1
v1_main,1649011776288040,164901,114,1,4,4,0,4,109,0,1,0,0
v1_main,1649011776302020,164901,98,1,2,2,0,2,95,0,1,0,0
v1_main,1649011776338399,164901,209,3,8,8,0,8,200,0,1,0,1
v1_main,1649011776370741,164901,248,2,15,15,0,15,232,0,1,0,1
v1_main,1649021776287989,164902,243,2,1,1,0,1,241,0,1,0,0
v1_main,1649021776362402,164902,89,2,2,2,0,2,86,0,1,0,1
v1_main,1649021776376575,164902,80,1,1,1,0,1,78,0,1,0,0
v1_main,1649021776448461,164902,210,2,5,5,0,5,204,0,1,0,1
v1_main,1649021776920576,164902,207,2,3,3,0,3,203,0,1,1,0
v1_main,1661341776528220,166134,133,1,8,8,0,8,124,0,1,0,0
v1_main,1661441775121939,166144,109,2,12,12,0,12,96,0,1,1,2
v1_main,1661491775292478,166149,62,2,7,7,0,7,54,0,1,0,1
v1_main,1661491776314048,166149,90,2,3,2,1,2,86,0,1,0,1
v1_main,1661491776324361,166149,78,1,0,0,0,0,77,0,1,0,0
v1_main,1661491776381494,166149,182,2,13,12,1,12,168,0,1,0,1
v1_main,1661531775014601,166153,53,1,8,8,0,8,44,0,1,0,0
v1_main,1661531775082934,166153,92,2,19,18,1,18,72,0,1,1,1
v1_main,1661531775111994,166153,35,1,3,3,0,3,31,0,1,0,0
v1_main,1661531776317546,166153,201,1,7,6,1,6,193,0,1,0,0
v1_main,1661531776355784,166153,234,1,7,7,0,7,226,0,1,0,0
v1_main,1661531776393114,166153,152,2,7,6,1,6,144,0,1,0,0
v1_main,1661621775005673,166162,109,1,5,5,0,5,103,0,1,0,0
v1_main,1661621775029863,166162,54,2,9,9,0,9,44,0,1,1,1
v1_main,1661621775158213,166162,48,1,4,4,0,4,43,0,1,0,0
v1_main,1661621775174220,166162,58,2,8,8,0,8,49,0,1,1,1
v1_main,1661621776335075,166162,100,1,2,0,2,0,97,0,1,0,0
v1_main,1661621776352158,166162,90,2,5,5,0,5,84,0,1,1,1
v1_main,1661621776933635,166162,232,1,2,2,0,2,229,0,1,0,0
v1_main,1683751775031284,168375,99,2,4,4,0,4,94,0,1,1,1
v1_main,1683751775057706,168375,88,2,5,5,0,5,82,0,1,1,1
v1_main,1683751776365130,168375,214,2,9,9,0,9,204,0,1,0,1
v1_main,1683751776405814,168375,190,1,1,1,0,1,188,0,1,0,0
v1_main,1702061775058497,170206,103,3,17,17,0,17,85,0,1,1,1
v1_main,1702061775117724,170206,58,1,1,1,0,1,56,0,1,0,0
v1_main,1702061776385282,170206,125,1,1,1,0,1,123,0,1,0,0
v1_main,1702061776403722,170206,125,2,1,1,0,1,123,0,1,0,1
v1_main,1702061776423132,170206,216,1,15,15,0,15,200,0,1,0,0
v1_main,1716901775045769,171690,43,2,1,1,0,1,41,0,1,0,1
v1_main,1716901775074324,171690,49,2,2,2,0,2,46,0,1,1,1
v1_main,1716901775095020,171690,72,1,1,1,0,1,70,0,1,0,0
v1_main,1716901776311831,171690,103,2,3,3,0,3,99,0,1,1,1
v1_main,1716901776352048,171690,94,2,2,2,0,2,91,0,1,0,1
v1_main,1716901776394050,171690,264,3,4,4,0,4,259,0,1,1,2
v1_main,1719041775097109,171904,193,3,5,5,0,5,187,0,1,2,1
v1_main,1719051775155221,171905,73,1,3,3,0,3,69,0,1,0,0
v1_main,1719051775176771,171905,64,1,0,0,0,0,63,0,1,0,0
v1_main,1719051776423271,171905,212,2,2,2,0,2,209,0,1,0,1
v1_main,1719051776448091,171905,194,2,2,2,0,2,191,0,1,0,1
v1_main,1719051776917842,171905,200,1,3,3,0,3,196,0,1,0,0
v1_main,1719771775086463,171977,86,2,14,14,0,14,71,0,1,0,1
v1_main,1719771775121374,171977,59,1,4,4,0,4,54,0,1,0,0
v1_main,1719771775275875,171977,160,2,14,14,0,14,145,0,1,1,1
v1_main,1719811776284034,171981,174,1,10,10,0,10,163,0,1,0,0
v1_main,1719811776304696,171981,241,1,10,10,0,10,230,0,1,0,0
v1_main,1719811776560880,171981,180,2,3,3,0,3,176,0,1,1,1
v1_main,1719811776620245,171981,171,2,3,3,0,3,167,0,1,0,2
v1_main,1720931775239314,172093,145,2,3,2,1,2,141,0,1,1,1
v1_main,1720931775279453,172093,104,1,0,0,0,0,103,0,1,0,0
v1_main,1720931775302346,172093,161,1,0,0,0,0,160,0,1,0,0
v1_main,1720931776812697,172093,74,3,19,19,0,19,54,0,1,1,2
v1_main,1752451775143264,175245,140,2,4,4,0,4,135,0,1,0,1
v1_main,1752451775272681,175245,207,2,3,3,0,3,203,0,1,1,1
v1_main,1790311775053899,179031,206,3,39,34,5,34,166,0,1,0,1
v1_main,1790311775105412,179031,117,2,16,16,0,16,100,0,1,0,1
v1_main,1790311775142120,179031,139,2,18,18,0,18,120,0,1,1,1
v1_main,1790311776312100,179031,302,5,12,10,2,10,289,0,1,1,1
v1_main,1790351775273792,179035,135,3,13,13,0,13,121,0,1,1,1
v1_main,1790351775334909,179035,111,1,3,3,0,3,107,0,1,0,0
v1_main,1790351776321244,179035,110,1,0,0,0,0,109,0,1,0,0
v1_main,1790351776365261,179035,104,1,0,0,0,0,103,0,1,0,0
v1_main,1790351776380978,179035,90,1,0,0,0,0,89,0,1,0,0
v1_main,1790381775012063,179038,147,1,30,30,0,30,116,0,1,0,0
v1_main,1790381775115128,179038,135,2,29,27,2,27,105,0,1,0,1
v1_main,1790381775157640,179038,126,1,21,20,1,20,104,0,1,0,0
v1_main,1790381776521905,179038,229,2,2,2,0,2,226,0,1,1,1
v1_main,1790381776709438,179038,285,2,11,10,1,10,273,0,1,1,1
v1_main,1790391775663203,179039,75,1,1,1,0,1,73,0,1,0,0
v1_main,1790391775681989,179039,75,1,0,0,0,0,74,0,1,0,0
v1_main,1790391776108220,179039,176,2,10,9,1,9,165,0,1,1,1
v1_main,1790391776384914,179039,205,1,2,2,0,2,202,0,1,0,0
v1_main,1790391776434437,179039,134,2,6,6,0,6,127,0,1,0,1
v1_main,1790421775493560,179042,127,1,9,9,0,9,117,0,1,0,0
v1_main,1790421775579730,179042,83,1,4,4,0,4,78,0,1,0,0
v1_main,1790421776588697,179042,282,2,5,5,0,5,276,0,1,0,1
v1_main,1790421776628367,179042,248,3,4,4,0,4,243,0,1,0,2
v1_main,1790441776546527,179044,249,1,1,1,0,1,247,0,1,0,0
v1_main,1790441776590726,179044,169,2,1,1,0,1,167,0,1,0,1
v1_main,1790441776615164,179044,102,2,4,4,0,4,97,0,1,1,1
v1_main,1790471775076901,179047,71,3,7,7,0,7,63,0,1,1,1
v1_main,1790471775119776,179047,167,2,18,18,0,18,148,0,1,0,2
v1_main,1790471776380016,179047,164,1,4,4,0,4,159,0,1,0,0
v1_main,1790471776944088,179047,274,1,6,6,0,6,267,0,1,0,0
v1_main,1790481776434571,179048,223,1,3,3,0,3,219,0,1,0,0
v1_main,1790481776488156,179048,299,3,4,4,0,4,294,0,1,0,1
v1_main,1790481776527278,179048,99,1,0,0,0,0,98,0,1,0,0
v1_main,1790491775111849,179049,76,2,4,4,0,4,71,0,1,1,1
v1_main,1790491775168848,179049,82,2,2,2,0,2,79,0,1,1,1
v1_main,1790491776286034,179049,157,1,1,1,0,1,155,0,1,0,0
v1_main,1790491776333283,179049,105,2,2,2,0,2,102,0,1,1,1
v1_main,1790491776351313,179049,90,2,2,2,0,2,87,0,1,1,1
v1_main,1790511775028122,179051,102,1,8,8,0,8,93,0,1,0,0
v1_main,1790511775077785,179051,48,1,5,5,0,5,42,0,1,0,0
v1_main,1790511776522106,179051,266,2,7,7,0,7,258,0,1,1,1
v1_main,1790511776560356,179051,111,1,2,1,1,1,108,0,1,0,0
v1_main,1790511776574680,179051,149,1,1,1,0,1,147,0,1,0,0
v1_main,1790511776952209,179051,136,1,6,6,0,6,129,0,1,0,0
v1_main,1790541775095373,179054,133,3,10,8,2,8,122,0,1,1,1
v1_main,1790541775138173,179054,116,2,5,5,0,5,110,0,1,1,1
v1_main,1790541775162843,179054,138,2,15,13,2,13,122,0,1,0,2
v1_main,1790541776305985,179054,274,2,1,1,0,1,272,0,1,1,1
v1_main,1790541776373031,179054,104,1,0,0,0,0,103,0,1,0,0
v1_main,1790541776387408,179054,132,2,3,3,0,3,128,0,1,1,1
v1_main,1790651775177893,179065,210,2,2,2,0,2,207,0,1,0,1
v1_main,1790651775239550,179065,166,3,2,2,0,2,163,0,1,0,1
v1_main,1790681775505661,179068,91,2,4,4,0,4,86,0,1,1,1
v1_main,1791321775011127,179132,63,2,1,1,0,1,61,0,1,1,1
v1_main,1791321775188320,179132,97,4,11,8,3,8,85,0,1,1,2
v1_main,1791321775602315,179132,48,3,5,5,0,5,42,0,1,1,1
v1_main,1791321776351562,179132,143,2,1,1,0,1,141,0,1,1,1
v1_main,1791341775045702,179134,68,1,1,1,0,1,66,0,1,0,0
v1_main,1791341775070439,179134,52,1,1,1,0,1,50,0,1,0,0
v1_main,1791341775110101,179134,60,2,2,2,0,2,57,0,1,1,1
v1_main,1791341775141544,179134,53,1,1,1,0,1,51,0,1,0,0
v1_main,1791341776373644,179134,192,2,1,1,0,1,190,0,1,0,1
v1_main,1791341776525490,179134,186,2,2,2,0,2,183,0,1,0,1
v1_main,1791371775170334,179137,88,2,8,8,0,8,79,0,1,0,1
v1_main,1791371775185268,179137,165,2,16,16,0,16,148,0,1,0,1
v1_main,1791371776318995,179137,232,2,2,2,0,2,229,0,1,0,2
v1_main,1791371776384467,179137,176,1,0,0,0,0,175,0,1,0,0
v1_main,1791371776958052,179137,144,1,1,1,0,1,142,0,1,0,0
v1_main,1791651776727412,179165,223,2,3,3,0,3,219,0,1,1,1
v1_main,1791681775136380,179168,131,2,6,5,1,5,124,0,1,1,0
v1_main,1791681776289076,179168,139,2,4,3,1,3,134,0,1,0,2
v1_main,1791681776353945,179168,114,1,2,2,0,2,111,0,1,0,0
v1_main,1791681776369454,179168,93,1,1,1,0,1,91,0,1,0,0
v1_main,1791721775002233,179172,109,1,0,0,0,0,108,0,1,0,0
v1_main,1791731775213498,179173,98,2,11,11,0,11,86,0,1,0,1
v1_main,1791731775229938,179173,76,2,5,5,0,5,70,0,1,0,1
v1_main,1791731775244488,179173,97,1,4,4,0,4,92,0,1,0,0
v1_main,1791731776335484,179173,140,2,6,6,0,6,133,0,1,0,1
v1_main,1791731776363063,179173,168,1,1,1,0,1,166,0,1,0,0
v1_main,1791731776418556,179173,211,2,3,3,0,3,207,0,1,0,1
v1_main,1791781775538892,179178,82,2,4,4,0,4,77,0,1,1,1
v1_main,1791781776299254,179178,207,3,7,7,0,7,199,0,1,0,1
v1_main,1791781776352230,179178,294,2,4,4,0,4,289,0,1,0,1
v1_main,1791841775330822,179184,95,2,4,4,0,4,90,0,1,1,1
v1_main,1791841775411744,179184,117,2,5,5,0,5,111,0,1,1,1
v1_main,1791841776526877,179184,190,3,7,7,0,7,182,0,1,0,1
v1_main,1791841776567067,179184,277,2,4,4,0,4,272,0,1,0,1
v1_main,1791871775033743,179187,103,1,0,0,0,0,102,0,1,0,0
v1_main,1791871775130534,179187,62,1,1,1,0,1,60,0,1,0,0
v1_main,1791901776290575,179190,284,1,11,10,1,10,272,0,1,0,0
v1_main,1791901776354145,179190,276,1,12,11,1,11,263,0,1,0,0
v1_main,1791901776386014,179190,241,4,19,19,0,19,221,0,1,0,1
v1_main,1792391775047563,179239,138,2,9,9,0,9,128,0,1,0,1
v1_main,1792391775109198,179239,143,2,8,8,0,8,134,0,1,1,1
v1_main,1792391775146402,179239,107,2,4,4,0,4,102,0,1,1,1
v1_main,1792391776286552,179239,220,2,4,4,0,4,215,0,1,1,1
v1_main,1792391776381419,179239,212,1,0,0,0,0,211,0,1,0,0
v1_main,1792391776441788,179239,175,2,2,2,0,2,172,0,1,0,0
v1_main,1792391776920647,179239,231,2,3,3,0,3,227,0,1,0,2
v1_main,1792431775015098,179243,39,1,2,2,0,2,36,0,1,0,0
v1_main,1792431775057003,179243,51,2,6,6,0,6,44,0,1,0,1
v1_main,1792431775082426,179243,47,1,5,5,0,5,41,0,1,0,0
v1_main,1792431775157755,179243,70,2,9,9,0,9,60,0,1,0,1
v1_main,1792431776321074,179243,153,3,5,5,0,5,147,0,1,0,1
v1_main,1792441775117931,179244,75,2,11,11,0,11,63,0,1,1,1
v1_main,1792441776357634,179244,73,1,10,10,0,10,62,0,1,0,0
v1_main,1793121775004987,179312,44,1,0,0,0,0,43,0,1,0,0
v1_main,1793121776309222,179312,133,2,5,5,0,5,127,0,1,1,1
v1_main,1793121776348645,179312,117,1,1,1,0,1,115,0,1,0,0
v1_main,1793121776374158,179312,161,1,2,2,0,2,158,0,1,0,0
v1_main,1793131776315488,179313,71,2,2,2,0,2,68,0,1,1,1
v1_main,1793131776358478,179313,53,2,2,2,0,2,50,0,1,0,1
v1_main,1804461775342198,180446,60,2,2,2,0,2,57,0,1,1,0
v1_main,1804461775593997,180446,92,1,10,10,0,10,81,0,1,0,0
v1_main,1804461775623653,180446,77,1,0,0,0,0,76,0,1,0,0
v1_main,1804461776934918,180446,205,3,5,5,0,5,199,0,1,1,2
v1_main,1804521776375530,180452,118,1,1,1,0,1,116,0,1,0,0
v1_main,1804521776805530,180452,255,1,0,0,0,0,254,0,1,0,0
v1_main,1804581775066483,180458,113,2,8,8,0,8,104,0,1,0,1
v1_main,1804581775105603,180458,189,1,1,1,0,1,187,0,1,0,0
v1_main,1804581775149073,180458,88,2,3,3,0,3,84,0,1,1,1
v1_main,1804581776353615,180458,162,1,7,7,0,7,154,0,1,0,0
v1_main,1804581776441421,180458,246,3,14,14,0,14,231,0,1,0,1
v1_main,1804591775055111,180459,135,2,15,13,2,13,119,0,1,0,2
v1_main,1804591775141167,180459,95,2,6,6,0,6,88,0,1,1,1
v1_main,1804591775154678,180459,82,1,1,1,0,1,80,0,1,0,0
v1_main,1804591776506965,180459,160,1,2,2,0,2,157,0,1,0,0
v1_main,1804591776528029,180459,132,1,3,3,0,3,128,0,1,0,0
v1_main,1804591776543010,180459,263,2,2,2,0,2,260,0,1,1,1
v1_main,1808411775314389,180841,190,1,4,4,0,4,185,0,1,0,0
v1_main,1808411775452848,180841,209,1,0,0,0,0,208,0,1,0,0
v1_main,1808471775015102,180847,97,2,11,11,0,11,85,0,1,0,1
v1_main,1808471775112521,180847,108,2,4,4,0,4,103,0,1,1,1
v1_main,1808471775211968,180847,86,2,18,18,0,18,67,0,1,0,1
v1_main,1808471775593206,180847,67,2,11,9,2,9,55,0,1,0,1
v1_main,1808471776560820,180847,97,2,2,2,0,2,94,0,1,1,1
v1_main,1808471776608491,180847,134,2,5,5,0,5,128,0,1,0,0
v1_main,1808481775155738,180848,121,2,9,9,0,9,111,0,1,0,1
v1_main,1808481775192942,180848,88,2,9,9,0,9,78,0,1,0,1
v1_main,1808481775232413,180848,96,2,11,11,0,11,84,0,1,0,2
v1_main,1808501776470050,180850,177,2,4,3,1,3,172,0,1,0,1
v1_main,1808501776548195,180850,136,2,6,6,0,6,129,0,1,0,1
v1_main,1808551775226912,180855,80,2,16,16,0,16,63,0,1,0,1
v1_main,1808551775259761,180855,92,2,10,10,0,10,81,0,1,0,1
v1_main,1808551776750965,180855,168,2,3,3,0,3,164,0,1,0,1
v1_main,1808601775007621,180860,50,2,7,7,0,7,42,0,1,0,1
v1_main,1808601775210259,180860,67,2,6,6,0,6,60,0,1,0,2
v1_main,1808601775233532,180860,63,2,2,2,0,2,60,0,1,1,1
v1_main,1808601776349812,180860,152,3,5,5,0,5,146,0,1,2,1
v1_main,1808601776370452,180860,121,2,5,5,0,5,115,0,1,1,1
v1_main,1808601776572355,180860,129,1,0,0,0,0,128,0,1,0,0
v1_main,1808631775136624,180863,109,1,3,3,0,3,105,0,1,0,0
v1_main,1808631775233569,180863,65,1,2,2,0,2,62,0,1,0,0
v1_main,1808711775511143,180871,165,1,5,5,0,5,159,0,1,0,0
v1_main,1808721775015051,180872,74,2,8,8,0,8,65,0,1,1,1
v1_main,1808721775073164,180872,68,2,7,7,0,7,60,0,1,1,1
v1_main,1808721776569157,180872,158,1,1,1,0,1,156,0,1,0,0
v1_main,1808721776629184,180872,151,2,1,1,0,1,149,0,1,0,1
v1_main,1808741775103101,180874,97,2,7,7,0,7,89,0,1,1,1
v1_main,1808741776842429,180874,146,2,2,2,0,2,143,0,1,1,1
v1_main,1808741776869687,180874,219,2,5,5,0,5,213,0,1,0,1
v1_main,1808741776959848,180874,151,2,4,4,0,4,146,0,1,0,1
v1_main,1808751775132978,180875,152,2,16,16,0,16,135,0,1,0,1
v1_main,1808751776300482,180875,317,2,3,3,0,3,313,0,1,1,1
v1_main,1808751776748628,180875,247,4,4,4,0,4,242,0,1,1,1
v1_main,1808751776780443,180875,235,1,2,2,0,2,232,0,1,0,0
v1_main,1808751776932669,180875,237,3,6,6,0,6,230,0,1,1,1
v1_main,1808751776963766,180875,205,2,5,5,0,5,199,0,1,0,2
v1_main,1808771775072109,180877,120,2,7,7,0,7,112,0,1,0,1
v1_main,1808771775103528,180877,126,2,7,7,0,7,118,0,1,1,1
v1_main,1808771775153637,180877,160,3,7,6,1,6,152,0,1,2,1
v1_main,1808771775195745,180877,132,2,5,5,0,5,126,0,1,1,1
v1_main,1808771775234293,180877,146,2,9,9,0,9,136,0,1,1,1
v1_main,1808781775175012,180878,129,2,20,20,0,20,108,0,1,1,1
v1_main,1808781775199502,180878,132,2,14,14,0,14,117,0,1,1,2
v1_main,1808781775328672,180878,72,1,8,8,0,8,63,0,1,0,0
v1_main,1808781776291405,180878,173,1,1,1,0,1,171,0,1,0,0
v1_main,1808781776313205,180878,165,1,1,1,0,1,163,0,1,0,0
v1_main,1808781776382064,180878,204,2,4,4,0,4,199,0,1,0,1
v1_main,1808801775053266,180880,97,3,17,17,0,17,79,0,1,0,2
v1_main,1808801775077476,180880,120,3,10,10,0,10,109,0,1,1,1
v1_main,1808801775184559,180880,122,3,10,9,1,9,111,0,1,0,2
v1_main,1808801775227265,180880,75,2,6,6,0,6,68,0,1,0,1
v1_main,1808801776319729,180880,237,2,7,7,0,7,229,0,1,0,0
v1_main,1808801776356704,180880,201,2,5,5,0,5,195,0,1,0,0
v1_main,1808801776936687,180880,256,2,5,5,0,5,250,0,1,0,0
v1_main,1808861775051129,180886,58,2,8,8,0,8,49,0,1,1,1
v1_main,1808861775098837,180886,76,1,2,2,0,2,73,0,1,0,0
v1_main,1808881775456854,180888,88,2,2,2,0,2,85,0,1,1,1
v1_main,1808881776328461,180888,330,2,4,4,0,4,325,0,1,1,1
v1_main,1808881776387041,180888,348,2,2,2,0,2,345,0,1,1,1
v1_main,1808931775256993,180893,194,1,2,2,0,2,191,0,1,0,0
v1_main,1808931776299317,180893,198,1,0,0,0,0,197,0,1,0,0
v1_main,1808931776355927,180893,209,1,0,0,0,0,208,0,1,0,0
v1_main,1808931776385238,180893,214,1,0,0,0,0,213,0,1,0,0
v1_main,1809001775218940,180900,163,2,9,9,0,9,153,0,1,0,1
v1_main,1809001775245550,180900,116,3,9,9,0,9,106,0,1,0,2
v1_main,1820971775041267,182097,85,2,2,2,0,2,82,0,1,0,2
v1_main,1820971775064128,182097,71,2,6,6,0,6,64,0,1,1,1
v1_main,1820971775110886,182097,46,1,0,0,0,0,45,0,1,0,0
v1_main,1820971776472290,182097,171,1,4,4,0,4,166,0,1,0,0
v1_main,1820981775066857,182098,110,2,7,7,0,7,102,0,1,0,1
v1_main,1820981775098519,182098,99,3,10,10,0,10,88,0,1,1,1
v1_main,1820981775155332,182098,79,3,9,9,0,9,69,0,1,1,1
v1_main,1821001775113652,182100,44,3,2,2,0,2,41,0,1,1,1
v1_main,1821001776406320,182100,290,1,1,1,0,1,288,0,1,0,0
v1_main,1821001776447325,182100,102,1,0,0,0,0,101,0,1,0,0
v1_main,1821001776462899,182100,185,1,1,1,0,1,183,0,1,0,0
v1_main,1821041775005781,182104,52,2,5,5,0,5,46,0,1,0,2
v1_main,1821041775078128,182104,45,1,5,5,0,5,39,0,1,0,0
v1_main,1821041776377495,182104,85,2,12,12,0,12,72,0,1,0,1
v1_main,1821041776911934,182104,196,1,0,0,0,0,195,0,1,0,0
v1_main,1821061775370598,182106,60,3,2,2,0,2,57,0,1,2,1
v1_main,1821061776287322,182106,122,2,1,1,0,1,120,0,1,0,1
v1_main,1821061776304500,182106,113,1,0,0,0,0,112,0,1,0,0
v1_main,1821061776377518,182106,295,2,4,4,0,4,290,0,1,1,1
v1_main,1821061776443789,182106,223,1,2,2,0,2,220,0,1,0,0
v1_main,1821081775142980,182108,242,1,7,7,0,7,234,0,1,0,0
v1_main,1821081775239903,182108,45,1,1,1,0,1,43,0,1,0,0
v1_main,1821081776403527,182108,77,1,1,1,0,1,75,0,1,0,0
v1_main,1821091776402694,182109,180,2,3,3,0,3,176,0,1,0,1
v1_main,1821091776444340,182109,191,2,12,12,0,12,178,0,1,1,1
v1_main,1821091776497865,182109,196,2,6,6,0,6,189,0,1,1,1
v1_main,1821101775092178,182110,107,3,3,3,0,3,103,0,1,2,1
v1_main,1821101775133165,182110,91,2,6,5,1,5,84,0,1,0,2
v1_main,1821101775164848,182110,89,1,2,2,0,2,86,0,1,0,0
v1_main,1821111775265238,182111,87,1,0,0,0,0,86,0,1,0,0
v1_main,1821111776473976,182111,196,1,0,0,0,0,195,0,1,0,0
v1_main,1821111776498709,182111,172,1,0,0,0,0,171,0,1,0,0
v1_main,1821111776556336,182111,259,1,1,1,0,1,257,0,1,0,0
v1_main,1821141775453183,182114,147,4,9,9,0,9,137,0,1,1,1
v1_main,1821141776895300,182114,156,2,2,2,0,2,153,0,1,1,1
v1_main,1821171775078308,182117,100,2,11,9,2,9,88,0,1,0,1
v1_main,1821171775138762,182117,156,3,15,15,0,15,140,0,1,1,2
v1_main,1821171775184522,182117,111,3,3,3,0,3,107,0,1,1,1
v1_main,1821171776303903,182117,244,2,1,1,0,1,242,0,1,0,1
v1_main,1821171776580957,182117,171,1,2,2,0,2,168,0,1,0,0
v1_main,1821171776617502,182117,157,1,4,4,0,4,152,0,1,0,0
v1_main,1821211775101571,182121,113,2,1,1,0,1,111,0,1,1,1
v1_main,1821211775141791,182121,101,2,3,3,0,3,97,0,1,1,1
v1_main,1821211775164687,182121,61,2,2,2,0,2,58,0,1,0,1
v1_main,1821211776349743,182121,162,1,1,1,0,1,160,0,1,0,0
v1_main,1821211776365443,182121,106,2,2,2,0,2,103,0,1,1,1
v1_main,1821221775144788,182122,64,2,2,2,0,2,61,0,1,1,1
v1_main,1821221775166354,182122,88,2,3,3,0,3,84,0,1,1,1
v1_main,1821221776430126,182122,96,1,2,2,0,2,93,0,1,0,0
v1_main,1821221776505192,182122,111,1,2,2,0,2,108,0,1,0,0
v1_main,1821231775067465,182123,48,2,8,8,0,8,39,0,1,1,1
v1_main,1821231775089655,182123,58,2,16,15,1,15,41,0,1,0,1
v1_main,1821231776528354,182123,81,2,13,13,0,13,67,0,1,0,1
v1_main,1821231776553871,182123,88,3,9,8,1,8,78,0,1,0,1
v1_main,1823901775027682,182390,134,2,5,5,0,5,128,0,1,1,0
v1_main,1823901775072439,182390,62,2,4,4,0,4,57,0,1,1,1
v1_main,1823901775091424,182390,55,1,3,3,0,3,51,0,1,0,0
v1_main,1823901776450046,182390,126,2,11,11,0,11,114,0,1,0,0
v1_main,1823901776522042,182390,204,1,6,6,0,6,197,0,1,0,0
v1_main,1829581775054821,182958,96,2,9,9,0,9,86,0,1,1,1
v1_main,1829581775081090,182958,81,4,6,5,1,5,74,0,1,2,2
v1_main,1829581775119710,182958,130,3,13,13,0,13,116,0,1,1,1
v1_main,1829581776295174,182958,100,1,2,2,0,2,97,0,1,0,0
v1_main,1829581776312635,182958,229,1,3,3,0,3,225,0,1,0,0
v1_main,1829581776385870,182958,175,2,1,1,0,1,173,0,1,1,1
v1_main,1829621775037227,182962,129,2,8,8,0,8,120,0,1,1,1
v1_main,1829621775181740,182962,273,3,8,8,0,8,264,0,1,0,1
v1_main,1829631775076867,182963,142,1,2,2,0,2,139,0,1,0,0
v1_main,1829631775127703,182963,144,1,1,1,0,1,142,0,1,0,0
v1_main,1829631776296260,182963,170,1,0,0,0,0,169,0,1,0,0
v1_main,1829631776314394,182963,142,1,0,0,0,0,141,0,1,0,0
v1_main,1829631776378425,182963,178,1,1,1,0,1,176,0,1,0,0
v1_main,1829631776921471,182963,270,2,1,1,0,1,268,0,1,0,2
v1_main,1829661775011192,182966,111,1,5,5,0,5,105,0,1,0,0
v1_main,1829661775100421,182966,90,1,5,5,0,5,84,0,1,0,0
v1_main,1829661776460120,182966,121,3,7,7,0,7,113,0,1,1,1
v1_main,1829671775296718,182967,142,3,5,5,0,5,136,0,1,0,1
v1_main,1829671776299266,182967,112,3,5,5,0,5,106,0,1,2,1
v1_main,1829671776456532,182967,263,2,4,4,0,4,258,0,1,0,1
v1_main,1829671776908726,182967,175,1,1,1,0,1,173,0,1,0,0
v1_main,1829671776951039,182967,68,1,2,2,0,2,65,0,1,0,0
v1_main,1829681775005592,182968,94,2,3,3,0,3,90,0,1,1,1
v1_main,1829681775023112,182968,86,1,4,4,0,4,81,0,1,0,0
v1_main,1829681775045981,182968,95,2,8,8,0,8,86,0,1,1,1
v1_main,1829681775068201,182968,83,2,4,4,0,4,78,0,1,1,1
v1_main,1829681775109517,182968,102,2,2,2,0,2,99,0,1,1,1
v1_main,1829681776374253,182968,152,1,3,3,0,3,148,0,1,0,0
v1_main,1829681776393781,182968,181,1,2,2,0,2,178,0,1,0,0
v1_main,1829681776471620,182968,224,1,2,2,0,2,221,0,1,0,0
v1_main,1829681776926859,182968,208,1,2,2,0,2,205,0,1,0,0
v1_main,1829701775063483,182970,51,2,1,1,0,1,49,0,1,1,1
v1_main,1829701775078716,182970,161,2,14,14,0,14,146,0,1,1,1
v1_main,1829701776301351,182970,294,1,3,3,0,3,290,0,1,0,0
v1_main,1829701776560830,182970,180,2,2,2,0,2,177,0,1,1,1
v1_main,1829711775007993,182971,97,1,1,1,0,1,95,0,1,0,0
v1_main,1829711775062668,182971,79,1,6,6,0,6,72,0,1,0,0
v1_main,1829711775091952,182971,83,2,5,5,0,5,77,0,1,1,1
v1_main,1829711776381641,182971,104,3,3,3,0,3,100,0,1,1,1
v1_main,1833701775087489,183370,107,1,2,2,0,2,104,0,1,0,0
v1_main,1833701776322922,183370,219,2,15,14,1,14,203,0,1,0,1
v1_main,1833701776368100,183370,80,3,7,7,0,7,72,0,1,1,1
v1_main,1833701776385283,183370,121,1,1,1,0,1,119,0,1,0,0
v1_main,1833701776916791,183370,95,2,8,8,0,8,86,0,1,0,1
v1_main,1833741775113921,183374,152,2,7,7,0,7,144,0,1,0,1
v1_main,1833741775162145,183374,189,3,7,7,0,7,181,0,1,2,1
v1_main,1833741776391569,183374,243,2,7,7,0,7,235,0,1,1,1
v1_main,1833741776436137,183374,224,3,3,3,0,3,220,0,1,0,1
v1_main,1833741776482915,183374,295,3,4,4,0,4,290,0,1,1,1
v1_main,1833821775007413,183382,150,3,11,10,1,10,138,0,1,0,1
v1_main,1833821775136919,183382,58,1,5,5,0,5,52,0,1,0,0
v1_main,1833821775157343,183382,59,1,1,1,0,1,57,0,1,0,0
v1_main,1833821776289503,183382,35,1,1,1,0,1,33,0,1,0,0
v1_main,1833821776378198,183382,80,2,5,5,0,5,74,0,1,0,1
v1_main,1847001775092025,184700,100,2,6,6,0,6,93,0,1,1,1
v1_main,1847001775155087,184700,119,1,2,2,0,2,116,0,1,0,0
v1_main,1847001776293430,184700,302,2,2,2,0,2,299,0,1,1,1
v1_main,1847001776359257,184700,304,2,5,5,0,5,298,0,1,0,1
v1_main,1847001776478976,184700,275,2,1,1,0,1,273,0,1,0,2
v1_main,1847001776915092,184700,54,2,2,2,0,2,51,0,1,1,1
v1_main,1847001776953102,184700,40,2,2,2,0,2,37,0,1,1,1
v1_main,1848281776289801,184828,171,2,4,4,0,4,166,0,1,1,1
v1_main,1848281776441854,184828,244,2,3,3,0,3,240,0,1,0,1
v1_main,1848281776467555,184828,218,1,2,2,0,2,215,0,1,0,0
v1_main,1848301776450704,184830,220,1,0,0,0,0,219,0,1,0,0
v1_main,1848301776475553,184830,204,2,4,4,0,4,199,0,1,0,1
v1_main,1848311775093984,184831,113,2,2,2,0,2,110,0,1,1,1
v1_main,1848311775170666,184831,51,2,2,2,0,2,48,0,1,1,1
v1_main,1848311776444757,184831,333,2,1,1,0,1,331,0,1,0,1
v1_main,1848311776486229,184831,236,2,4,4,0,4,231,0,1,1,1
v1_main,1848311776537365,184831,106,1,1,1,0,1,104,0,1,0,0
v1_main,1848401775081518,184840,90,2,3,3,0,3,86,0,1,0,1
v1_main,1848401775127722,184840,98,2,6,6,0,6,91,0,1,0,1
v1_main,1848401776318558,184840,312,1,2,2,0,2,309,0,1,0,0
v1_main,1848401776375047,184840,100,2,2,2,0,2,97,0,1,1,1
v1_main,1848401776387287,184840,142,1,1,1,0,1,140,0,1,0,0
v1_main,1848421775056295,184842,89,2,3,3,0,3,85,0,1,1,1
v1_main,1848421775142501,184842,111,3,16,16,0,16,94,0,1,1,2
v1_main,1848421776311477,184842,146,3,6,6,0,6,139,0,1,1,2
v1_main,1848421776362187,184842,45,4,7,7,0,7,37,0,1,1,1
v1_main,1848431775327468,184843,82,1,9,9,0,9,72,0,1,0,0
v1_main,1848431776285949,184843,55,1,2,2,0,2,52,0,1,0,0
v1_main,1848431776316086,184843,191,2,4,4,0,4,186,0,1,1,1
v1_main,1848431776348522,184843,124,1,18,18,0,18,105,0,1,0,0
v1_main,1848431776388101,184843,163,2,6,6,0,6,156,0,1,0,1
v1_main,1849491775196357,184949,93,3,6,6,0,6,86,0,1,1,1
v1_main,1849491776290478,184949,246,1,1,1,0,1,244,0,1,0,0
v1_main,1849491776348347,184949,275,3,10,9,1,9,264,0,1,0,1
v1_main,1849491776380846,184949,256,2,5,5,0,5,250,0,1,0,1
v1_main,1849491776427546,184949,278,2,5,5,0,5,272,0,1,1,1
v1_main,1849501775138844,184950,135,2,3,3,0,3,131,0,1,0,1
v1_main,1849501775173015,184950,138,2,2,2,0,2,135,0,1,1,1
v1_main,1849501775222144,184950,109,2,9,9,0,9,99,0,1,0,1
v1_main,1849501776325937,184950,109,1,3,3,0,3,105,0,1,0,0
v1_main,1849501776351238,184950,107,5,8,8,0,8,98,0,1,3,1
v1_main,1849501776958518,184950,101,2,9,9,0,9,91,0,1,0,1
v1_main,1852761775042780,185276,68,2,7,7,0,7,60,0,1,0,1
v1_main,1852761775245934,185276,76,1,3,3,0,3,72,0,1,0,0
v1_main,1852761776296553,185276,185,2,3,3,0,3,181,0,1,1,1
v1_main,1852761776663773,185276,87,2,2,2,0,2,84,0,1,0,1
v1_main,1852761776692357,185276,73,1,3,3,0,3,69,0,1,0,0
v1_main,1866411775023282,186641,80,1,3,3,0,3,76,0,1,0,0
v1_main,1866411775379866,186641,82,1,7,7,0,7,74,0,1,0,0
v1_main,1866411775417464,186641,62,1,2,2,0,2,59,0,1,0,0
v1_main,1866411775440431,186641,136,3,4,4,0,4,131,0,1,0,2
v1_main,1866411775610332,186641,107,1,1,1,0,1,105,0,1,0,0
v1_main,1866471775146080,186647,143,2,14,14,0,14,128,0,1,0,1
v1_main,1866471775221895,186647,148,2,16,16,0,16,131,0,1,0,1
v1_main,1866471775409751,186647,75,2,10,9,1,9,64,0,1,0,2
v1_main,1866471776284137,186647,136,2,7,7,0,7,128,0,1,0,1
v1_main,1866471776303123,186647,150,1,2,2,0,2,147,0,1,0,0
v1_main,1866471776546667,186647,76,2,1,1,0,1,74,0,1,0,1
v1_main,1866491775034556,186649,116,2,9,9,0,9,106,0,1,0,1
v1_main,1866491775073311,186649,63,2,3,3,0,3,59,0,1,1,1
v1_main,1866491775117837,186649,87,2,3,3,0,3,83,0,1,1,1
v1_main,1866501775130174,186650,287,2,6,6,0,6,280,0,1,1,1
v1_main,1866501775173371,186650,257,3,14,14,0,14,242,0,1,0,1
v1_main,1866501776290564,186650,288,2,7,6,1,6,280,0,1,0,1
v1_main,1866501776327650,186650,314,3,7,7,0,7,306,0,1,0,1
v1_main,1866501776382930,186650,322,2,5,5,0,5,316,0,1,0,1
v1_main,1866501776418069,186650,316,2,10,10,0,10,305,0,1,0,1
v1_main,1866531775078713,186653,54,1,6,6,0,6,47,0,1,0,0
v1_main,1866531775123683,186653,123,2,15,15,0,15,107,0,1,0,1
v1_main,1866531776291130,186653,244,3,10,9,1,9,233,0,1,1,2
v1_main,1866531776371445,186653,88,3,4,4,0,4,83,0,1,0,1
v1_main,1866531776421295,186653,221,2,6,6,0,6,214,0,1,1,1
v1_main,1866531776513285,186653,84,3,4,4,0,4,79,0,1,2,1
v1_main,1866541775071553,186654,140,2,8,6,2,6,131,0,1,1,1
v1_main,1866541775094328,186654,262,2,3,3,0,3,258,0,1,0,2
v1_main,1866541775532693,186654,155,2,2,2,0,2,152,0,1,1,1
v1_main,1866561775326013,186656,75,2,3,3,0,3,71,0,1,0,2
v1_main,1866601775146920,186660,397,2,5,5,0,5,391,0,1,1,1
v1_main,1866601775188642,186660,322,1,0,0,0,0,321,0,1,0,0
v1_main,1866601776657089,186660,268,2,4,4,0,4,263,0,1,0,0
v1_main,1866601776711483,186660,158,2,5,5,0,5,152,0,1,0,1
v1_main,1866611775027769,186661,68,2,1,1,0,1,66,0,1,1,1
v1_main,1866611775060331,186661,64,2,6,5,1,5,57,0,1,1,1
v1_main,1866611775119512,186661,118,4,12,12,0,12,105,0,1,1,2
v1_main,1866621775112847,186662,110,3,15,15,0,15,94,0,1,1,1
v1_main,1866621775201383,186662,91,2,5,5,0,5,85,0,1,0,1
v1_main,1866621776423250,186662,252,3,10,9,1,9,241,0,1,1,1
v1_main,1866621776500237,186662,230,2,10,10,0,10,219,0,1,0,1
v1_main,1866631775164148,186663,149,2,4,4,0,4,144,0,1,1,1
v1_main,1866631776433951,186663,146,1,1,1,0,1,144,0,1,0,0
v1_main,1866631776463470,186663,140,1,1,1,0,1,138,0,1,0,0
v1_main,1866631776539548,186663,228,1,2,2,0,2,225,0,1,0,0
v1_main,1866651776294978,186665,106,2,1,1,0,1,104,0,1,0,2
v1_main,1866651776307639,186665,81,2,1,1,0,1,79,0,1,0,1
v1_main,1866661775098621,186666,80,2,4,4,0,4,75,0,1,1,1
v1_main,1866661775141683,186666,81,2,4,4,0,4,76,0,1,1,1
v1_main,1866661775168152,186666,148,4,8,8,0,8,139,0,1,1,2
v1_main,1866661776292944,186666,188,2,4,4,0,4,183,0,1,1,1
v1_main,1866661776324630,186666,212,1,1,1,0,1,210,0,1,0,0
v1_main,1866661776389930,186666,306,2,5,5,0,5,300,0,1,0,1
v1_main,1866661776451777,186666,191,2,9,9,0,9,181,0,1,0,1
v1_main,1866681775287047,186668,47,2,6,5,1,5,40,0,1,1,1
v1_main,1866681775314197,186668,49,1,0,0,0,0,48,0,1,0,0
v1_main,1866681775327500,186668,92,1,5,5,0,5,86,0,1,0,0
v1_main,1866701776304726,186670,145,1,1,1,0,1,143,0,1,0,0
v1_main,1866701776333527,186670,120,1,0,0,0,0,119,0,1,0,0
v1_main,1866731775035702,186673,115,3,15,13,2,13,99,0,1,1,1
v1_main,1866731775062832,186673,84,2,12,11,1,11,71,0,1,0,1
v1_main,1866731775097484,186673,109,2,18,17,1,17,90,0,1,0,1
v1_main,1866741775041537,186674,83,2,7,7,0,7,75,0,1,1,1
v1_main,1866741775092370,186674,145,2,3,3,0,3,141,0,1,0,1
v1_main,1866741775158075,186674,52,1,4,4,0,4,47,0,1,0,0
v1_main,1866791775085841,186679,105,2,4,4,0,4,100,0,1,1,1
v1_main,1866791776306926,186679,204,1,2,2,0,2,201,0,1,0,0
v1_main,1866791776370576,186679,182,1,3,3,0,3,178,0,1,0,0
v1_main,1866791776933545,186679,145,2,2,2,0,2,142,0,1,1,1
v1_main,1866791776958655,186679,154,1,1,1,0,1,152,0,1,0,0
v1_main,1866851775062800,186685,56,2,5,5,0,5,50,0,1,0,1
v1_main,1866851775164551,186685,99,3,6,6,0,6,92,0,1,2,1
v1_main,1866861775076981,186686,103,1,6,6,0,6,96,0,1,0,0
v1_main,1866861775119791,186686,59,2,2,2,0,2,56,0,1,0,1
v1_main,1866871775086893,186687,63,1,0,0,0,0,62,0,1,0,0
v1_main,1866871775240158,186687,77,2,3,3,0,3,73,0,1,1,1
v1_main,1866871776286820,186687,232,2,2,2,0,2,229,0,1,0,1
v1_main,1866871776332352,186687,87,1,2,2,0,2,84,0,1,0,0
v1_main,1866871776396957,186687,87,1,0,0,0,0,86,0,1,0,0
v1_main,1866881775144918,186688,122,2,3,3,0,3,118,0,1,0,2
v1_main,1866881776291215,186688,230,1,1,1,0,1,228,0,1,0,0
v1_main,1866881776315349,186688,165,2,3,3,0,3,161,0,1,0,1
v1_main,1866881776352165,186688,332,2,6,6,0,6,325,0,1,1,1
v1_main,1866881776390715,186688,319,4,8,8,0,8,310,0,1,1,1
v1_main,1866921776353433,186692,278,3,11,10,1,10,266,0,1,1,1
v1_main,1866921776780435,186692,287,2,4,4,0,4,282,0,1,0,1
v1_main,1866971775047635,186697,187,2,7,7,0,7,179,0,1,0,1
v1_main,1866971775086585,186697,296,2,3,3,0,3,292,0,1,1,1
v1_main,1866971775237682,186697,364,2,4,4,0,4,359,0,1,0,1
v1_main,1866991775030159,186699,40,2,7,7,0,7,32,0,1,0,1
v1_main,1866991775055199,186699,63,2,2,2,0,2,60,0,1,0,1
v1_main,1866991775148618,186699,324,1,1,1,0,1,322,0,1,0,0
v1_main,1866991776298802,186699,286,3,9,9,0,9,276,0,1,2,1
v1_main,1866991776355887,186699,232,3,9,9,0,9,222,0,1,1,1
v1_main,1867051775093888,186705,50,2,1,1,0,1,48,0,1,0,1
v1_main,1867051775128760,186705,45,2,3,3,0,3,41,0,1,1,1
v1_main,1867051776354899,186705,159,2,2,2,0,2,156,0,1,1,1
v1_main,1867051776381165,186705,135,2,1,1,0,1,133,0,1,0,1
v1_main,1867051776395819,186705,104,2,6,6,0,6,97,0,1,1,1
v1_main,1867051776943134,186705,141,4,7,7,0,7,133,0,1,1,2
v1_main,1867051776959604,186705,129,1,0,0,0,0,128,0,1,0,0
v1_main,1867121775058989,186712,46,2,5,5,0,5,40,0,1,1,1
v1_main,1867131775106125,186713,328,2,5,5,0,5,322,0,1,0,1
v1_main,1867131776405754,186713,246,3,16,16,0,16,229,0,1,0,2
v1_main,1867131776712300,186713,50,2,5,5,0,5,44,0,1,1,0
v1_main,1867151775185070,186715,113,4,29,29,0,29,83,0,1,2,2
v1_main,1867151775274275,186715,99,2,16,16,0,16,82,0,1,0,1
v1_main,1867151775308350,186715,67,2,14,14,0,14,52,0,1,1,1
v1_main,1867151776292657,186715,101,1,0,0,0,0,100,0,1,0,0
v1_main,1867151776307537,186715,158,2,4,4,0,4,153,0,1,1,1
v1_main,1867151776377491,186715,115,1,1,1,0,1,113,0,1,0,0
v1_main,1867151776401521,186715,140,2,5,5,0,5,134,0,1,0,1
v1_main,1867171775062245,186717,49,1,1,1,0,1,47,0,1,0,0
v1_main,1867171775091365,186717,39,1,0,0,0,0,38,0,1,0,0
v1_main,1867171775176184,186717,107,2,13,13,0,13,93,0,1,1,1
v1_main,1867201775180470,186720,97,2,5,5,0,5,91,0,1,0,1
v1_main,1867201775293591,186720,108,2,3,3,0,3,104,0,1,0,2
v1_main,1867201776313400,186720,156,2,2,2,0,2,153,0,1,0,2
v1_main,1867201776331790,186720,301,3,5,5,0,5,295,0,1,0,1
v1_main,1867201776957935,186720,143,1,3,3,0,3,139,0,1,0,0
v1_main,1867221776287201,186722,118,1,2,2,0,2,115,0,1,0,0
v1_main,1867221776304031,186722,185,1,3,3,0,3,181,0,1,0,0
v1_main,1867221776329148,186722,148,2,2,2,0,2,145,0,1,1,1
v1_main,1867331776356148,186733,270,1,2,2,0,2,267,0,1,0,0
v1_main,1867331776398653,186733,255,1,6,5,1,5,248,0,1,0,0
v1_main,1867391775208367,186739,98,3,8,8,0,8,89,0,1,1,2
v1_main,1867391775235817,186739,79,1,5,5,0,5,73,0,1,0,0
v1_main,1867391776295243,186739,190,2,2,2,0,2,187,0,1,0,1
v1_main,1867391776320623,186739,218,2,5,5,0,5,212,0,1,0,1
v1_main,1867421775047983,186742,96,3,9,9,0,9,86,0,1,1,1
v1_main,1867421775069568,186742,81,2,7,6,1,6,73,0,1,1,1
v1_main,1867421775112999,186742,68,2,4,4,0,4,63,0,1,1,1
v1_main,1867461775421243,186746,126,2,25,23,2,23,100,0,1,0,1
v1_main,1867461776293403,186746,109,2,5,5,0,5,103,0,1,0,1
v1_main,1867461776393529,186746,313,3,10,10,0,10,302,0,1,0,1
v1_main,1867461776487856,186746,269,2,7,6,1,6,261,0,1,0,1
v1_main,1867471775256465,186747,54,2,3,3,0,3,50,0,1,1,1
v1_main,1867501775065136,186750,64,1,0,0,0,0,63,0,1,0,0
v1_main,1867501775095743,186750,59,1,0,0,0,0,58,0,1,0,0
v1_main,1867511775162824,186751,54,2,1,1,0,1,52,0,1,1,1
v1_main,1867511775196304,186751,78,2,6,6,0,6,71,0,1,1,1
v1_main,1867511776385060,186751,192,4,6,6,0,6,185,0,1,0,1
v1_main,1867511776524656,186751,185,2,10,10,0,10,174,0,1,0,1
v1_main,1867531776567943,186753,79,2,8,8,0,8,70,0,1,1,1
v1_main,1867541776296278,186754,112,1,1,1,0,1,110,0,1,0,0
v1_main,1867571776417406,186757,149,2,1,1,0,1,147,0,1,1,1
v1_main,1867571776441118,186757,108,1,3,3,0,3,104,0,1,0,0
v1_main,1867571776459361,186757,89,1,2,2,0,2,86,0,1,0,0
v1_main,1887721775047847,188772,87,2,8,8,0,8,78,0,1,1,1
v1_main,1887721776326363,188772,279,3,7,7,0,7,271,0,1,1,1
v1_main,1887721776615477,188772,227,2,3,3,0,3,223,0,1,1,1
v1_main,1888031775100387,188803,38,2,8,8,0,8,29,0,1,1,1
v1_main,1888031775134437,188803,35,1,6,6,0,6,28,0,1,0,0
v1_main,1888031775154007,188803,78,2,7,7,0,7,70,0,1,0,1
v1_main,1888031775512745,188803,28,2,4,4,0,4,23,0,1,1,1
v1_main,1888041775054341,188804,102,2,11,11,0,11,90,0,1,1,1
v1_main,1888041776316680,188804,163,2,1,1,0,1,161,0,1,0,0
v1_main,1888041776367331,188804,191,1,1,1,0,1,189,0,1,0,0
v1_main,1888041776400301,188804,150,2,2,2,0,2,147,0,1,1,1
v1_main,1888091775071940,188809,232,3,6,6,0,6,225,0,1,0,1
v1_main,1888091775110927,188809,321,3,13,12,1,12,307,0,1,0,1
v1_main,1888091775176979,188809,289,2,3,3,0,3,285,0,1,1,1
v1_main,1985391775231519,198539,75,2,4,4,0,4,70,0,1,1,1
v1_main,1985391776354259,198539,188,1,2,2,0,2,185,0,1,0,0
v1_main,1985391776400059,198539,110,1,2,2,0,2,107,0,1,0,0
v1_main,1990551775238429,199055,145,2,4,4,0,4,140,0,1,1,1
v1_main,1990551775281271,199055,94,1,2,2,0,2,91,0,1,0,0
v1_main,1990551775415756,199055,140,2,11,9,2,9,128,0,1,0,1
v1_main,1990551776323071,199055,208,2,7,7,0,7,200,0,1,0,1
v1_main,1990551776389549,199055,164,2,2,2,0,2,161,0,1,1,1
v1_main,711141775096868,71114,64,2,2,0,2,0,61,0,1,1,1
v1_main,711141775187195,71114,44,2,3,3,0,3,40,0,1,1,1
v1_main,711291776361979,71129,82,2,7,7,0,7,74,0,1,0,1
v1_main,711291776448772,71129,88,2,4,4,0,4,83,0,1,1,1
v1_main,711331775052409,71133,116,2,3,3,0,3,112,0,1,1,1
v1_main,711331775079249,71133,111,2,5,5,0,5,105,0,1,1,1
v1_main,711331775099796,71133,154,3,12,12,0,12,141,0,1,0,1
v1_main,711331776439176,71133,166,1,1,1,0,1,164,0,1,0,0
v1_main,711601775089573,71160,58,2,4,4,0,4,53,0,1,0,2
v1_main,711601775342768,71160,89,3,5,5,0,5,83,0,1,1,2
v1_main,711681775065007,71168,97,2,10,9,1,9,86,0,1,0,1
v1_main,711681775085427,71168,86,2,7,7,0,7,78,0,1,1,1
v1_main,711681775130131,71168,50,3,8,8,0,8,41,0,1,1,1
v1_main,711681775146451,71168,66,2,11,11,0,11,54,0,1,1,1
v1_main,711681776360607,71168,165,1,2,2,0,2,162,0,1,0,0
v1_main,711681776380077,71168,56,1,5,5,0,5,50,0,1,0,0
v1_main,711781776748462,71178,40,1,2,2,0,2,37,0,1,0,0
v1_main,711861775294902,71186,247,2,3,3,0,3,243,0,1,1,0
v1_main,711861775341324,71186,224,1,4,4,0,4,219,0,1,0,0
v1_main,711861776294178,71186,334,1,1,1,0,1,332,0,1,0,0
v1_main,711861776322018,71186,246,2,3,3,0,3,242,0,1,1,1
v1_main,711861776366938,71186,184,1,3,3,0,3,180,0,1,0,0
v1_main,711901776439310,71190,328,2,3,3,0,3,324,0,1,1,1
v1_main,711901776485730,71190,283,5,7,7,0,7,275,0,1,1,3
v1_main,711971775139525,71197,130,2,2,2,0,2,127,0,1,0,1
v1_main,711971775234669,71197,120,1,0,0,0,0,119,0,1,0,0
v1_main,712061775469335,71206,89,2,1,1,0,1,87,0,1,1,1
v1_main,712061776297110,71206,174,1,1,1,0,1,172,0,1,0,0
v1_main,712061776320650,71206,163,2,2,2,0,2,160,0,1,1,1
v1_main,712061776472953,71206,96,2,2,2,0,2,93,0,1,0,1
v1_main,712061776937695,71206,77,1,0,0,0,0,76,0,1,0,0
v1_main,712301776467959,71230,223,2,4,4,0,4,218,0,1,0,1
v1_main,712521775197524,71252,87,2,11,10,1,10,75,0,1,0,1
v1_main,712521775220724,71252,77,2,11,11,0,11,65,0,1,0,1
v1_main,712521775267751,71252,70,3,19,19,0,19,50,0,1,1,1
v1_main,712571775055448,71257,117,2,8,7,1,7,108,0,1,0,2
v1_main,712571775098264,71257,49,2,4,4,0,4,44,0,1,1,1
v1_main,712571775115509,71257,62,2,11,11,0,11,50,0,1,0,1
v1_main,712571776934598,71257,297,3,5,3,2,3,291,0,1,1,2
v1_main,712641776469659,71264,98,4,6,6,0,6,91,0,1,0,2
v1_main,712661775263170,71266,71,2,3,3,0,3,67,0,1,1,1
v1_main,712661775366997,71266,44,1,1,1,0,1,42,0,1,0,0
v1_main,712661776304058,71266,274,2,2,2,0,2,271,0,1,1,1
v1_main,712661776393467,71266,234,2,6,6,0,6,227,0,1,0,1
v1_main,712671775294963,71267,65,3,8,8,0,8,56,0,1,0,1
v1_main,713741775081500,71374,120,2,3,3,0,3,116,0,1,1,1
v1_main,713741775099161,71374,111,1,0,0,0,0,110,0,1,0,0
v1_main,713741775109941,71374,266,2,4,4,0,4,261,0,1,0,1
v1_main,715661775104863,71566,100,2,3,3,0,3,96,0,1,1,1
v1_main,715661775156715,71566,81,2,4,4,0,4,76,0,1,1,0
v1_main,715661776496674,71566,256,2,10,10,0,10,245,0,1,0,1
v1_main,715661776548509,71566,238,1,3,3,0,3,234,0,1,0,0
v1_main,715721775157580,71572,240,2,6,6,0,6,233,0,1,0,1
v1_main,715731775073362,71573,146,1,5,5,0,5,140,0,1,0,0
v1_main,715731776550555,71573,150,2,3,3,0,3,146,0,1,1,1
v1_main,715731776605947,71573,170,2,5,5,0,5,164,0,1,1,1
v1_main,715731776644128,71573,258,2,2,2,0,2,255,0,1,0,1
v1_main,715771776453131,71577,344,2,2,2,0,2,341,0,1,1,1
v1_main,715771776525134,71577,267,1,2,2,0,2,264,0,1,0,0
v1_main,715771776643720,71577,297,1,5,5,0,5,291,0,1,0,0
v1_main,715861775157695,71586,43,2,3,1,2,1,39,0,1,1,1
v1_main,716131775247100,71613,74,2,6,6,0,6,67,0,1,1,1
v1_main,716131775294644,71613,59,2,6,6,0,6,52,0,1,1,1
v1_main,716131776357095,71613,242,2,6,6,0,6,235,0,1,0,1
v1_main,716131776384657,71613,229,2,4,4,0,4,224,0,1,0,2
v1_main,716131776699492,71613,240,3,3,3,0,3,236,0,1,1,2
v1_main,716141775805121,71614,41,1,6,6,0,6,34,0,1,0,0
v1_main,716151775103393,71615,40,2,1,1,0,1,38,0,1,0,1
v1_main,716151775124402,71615,65,2,4,4,0,4,60,0,1,1,1
v1_main,716151775604826,71615,145,3,14,12,2,12,130,0,1,1,1
v1_main,716151776455883,71615,76,1,0,0,0,0,75,0,1,0,0
v1_main,716151776523235,71615,179,3,9,9,0,9,169,0,1,1,2
v1_main,716151776951145,71615,168,1,4,4,0,4,163,0,1,0,0
v1_main,716291775244775,71629,104,1,7,7,0,7,96,0,1,0,0
v1_main,716291775508813,71629,67,1,8,8,0,8,58,0,1,0,0
v1_main,716321776575527,71632,239,2,10,10,0,10,228,0,1,0,1
v1_main,716321776629966,71632,174,2,6,6,0,6,167,0,1,1,1
v1_main,716321776910884,71632,354,2,9,9,0,9,344,0,1,0,1
v1_main,716411775554524,71641,101,3,14,14,0,14,86,0,1,1,1
v1_main,716411776290555,71641,294,1,5,5,0,5,288,0,1,0,0
v1_main,716411776402224,71641,303,2,5,5,0,5,297,0,1,0,1
v1_main,716411776464865,71641,211,2,3,3,0,3,207,0,1,1,1
v1_main,716411776552177,71641,277,2,4,4,0,4,272,0,1,0,1
v1_main,716471776715326,71647,296,1,6,6,0,6,289,0,1,0,0
v1_main,716491776325176,71649,182,3,4,4,0,4,177,0,1,0,1
v1_main,716491776904420,71649,135,2,2,2,0,2,132,0,1,0,1
v1_main,716491776919640,71649,203,2,8,8,0,8,194,0,1,0,1
v1_main,716511775513134,71651,86,1,10,10,0,10,75,0,1,0,0
v1_main,716511775531224,71651,130,2,16,16,0,16,113,0,1,0,1
v1_main,716511776879567,71651,122,3,6,6,0,6,115,0,1,1,1
v1_main,716561775127389,71656,21,1,1,1,0,1,19,0,1,0,0
v1_main,716561775458958,71656,105,2,20,19,1,19,84,0,1,0,2
v1_main,716561775756801,71656,23,1,1,1,0,1,21,0,1,0,0
v1_main,716561775818933,71656,31,2,2,2,0,2,28,0,1,1,1
v1_main,716561776294360,71656,46,2,2,2,0,2,43,0,1,1,1
v1_main,716561776347592,71656,178,2,14,14,0,14,163,0,1,1,1
v1_main,716651775027850,71665,50,1,0,0,0,0,49,0,1,0,0
v1_main,716651775067080,71665,51,2,2,2,0,2,48,0,1,1,1
v1_main,716651775081460,71665,91,2,3,3,0,3,87,0,1,0,2
v1_main,716671775212935,71667,88,2,3,3,0,3,84,0,1,0,1
v1_main,716671775240518,71667,62,3,8,5,3,5,53,0,1,1,1
v1_main,716671775460854,71667,125,3,13,13,0,13,111,0,1,0,2
v1_main,716671776351315,71667,272,3,9,9,0,9,262,0,1,0,1
v1_main,716671776385519,71667,221,2,3,3,0,3,217,0,1,0,1
v1_main,716681775216460,71668,73,4,9,9,0,9,63,0,1,1,2
v1_main,716681775241231,71668,83,3,6,6,0,6,76,0,1,1,1
v1_main,716681775305122,71668,74,2,6,6,0,6,67,0,1,1,1
v1_main,716681776542382,71668,182,2,10,10,0,10,171,0,1,1,1
v1_main,716681776618383,71668,170,2,6,6,0,6,163,0,1,0,1
v1_main,716681776713758,71668,183,1,7,7,0,7,175,0,1,0,0
v1_main,716721775048243,71672,97,5,14,14,0,14,82,0,1,2,2
v1_main,716741775125491,71674,157,3,14,14,0,14,142,0,1,1,1
v1_main,716741775357021,71674,125,3,2,2,0,2,122,0,1,0,1
v1_main,716741775473091,71674,97,1,2,2,0,2,94,0,1,0,0
v1_main,716761775049801,71676,108,2,8,5,3,5,99,0,1,0,1
v1_main,716761775073925,71676,81,2,4,4,0,4,76,0,1,1,1
v1_main,716761775114906,71676,53,1,5,5,0,5,47,0,1,0,0
v1_main,716821775035356,71682,63,3,4,4,0,4,58,0,1,1,2
v1_main,716821775101184,71682,66,3,5,5,0,5,60,0,1,0,2
v1_main,716821775367857,71682,88,3,8,8,0,8,79,0,1,0,2
v1_main,716931776299828,71693,79,2,4,4,0,4,74,0,1,0,1
v1_main,716941776342794,71694,186,2,20,20,0,20,165,0,1,0,1
v1_main,716941776414861,71694,172,2,11,11,0,11,160,0,1,1,1
v1_main,716971775050171,71697,59,2,13,13,0,13,45,0,1,0,1
v1_main,716971775198881,71697,50,1,3,3,0,3,46,0,1,0,0
v1_main,716971775516335,71697,153,2,21,21,0,21,131,0,1,0,1
v1_main,716971776440402,71697,191,3,8,8,0,8,182,0,1,2,2
v1_main,717021775054869,71702,94,2,10,4,6,4,83,0,1,0,2
v1_main,717021775128218,71702,76,2,8,8,0,8,67,0,1,0,1
v1_main,717021775158260,71702,79,2,3,3,0,3,75,0,1,1,1
v1_main,717041775076946,71704,134,2,5,5,0,5,128,0,1,0,1
v1_main,717041775137618,71704,141,1,2,2,0,2,138,0,1,0,0
v1_main,717041775224857,71704,140,1,0,0,0,0,139,0,1,0,0
v1_main,717081775342196,71708,53,3,5,5,0,5,47,0,1,1,2
v1_main,717081775440049,71708,44,2,8,8,0,8,35,0,1,0,1
v1_main,717081775602306,71708,90,2,8,8,0,8,81,0,1,1,1
v1_main,717111775209843,71711,83,2,7,7,0,7,75,0,1,1,0
v1_main,717111775366551,71711,94,2,9,9,0,9,84,0,1,1,1
v1_main,717111775477746,71711,65,2,13,13,0,13,51,0,1,0,1
v1_main,717131775297221,71713,71,2,4,4,0,4,66,0,1,1,2
v1_main,717151776566389,71715,96,2,2,2,0,2,93,0,1,1,1
v1_main,717151776876232,71715,279,2,10,9,1,9,268,0,1,1,1
v1_main,717151776919573,71715,417,2,7,5,2,5,409,0,1,1,1
v1_main,966611776342728,96661,186,1,5,5,0,5,180,0,1,0,0
v1_main,966611776414817,96661,192,2,14,14,0,14,177,0,1,0,1
v1_main,966681775068431,96668,40,2,4,4,0,4,35,0,1,1,1
v1_main,966681775121086,96668,74,3,8,8,0,8,65,0,1,1,1
v1_main,966681776310324,96668,214,1,1,1,0,1,212,0,1,0,0
v1_main,966681776350421,96668,184,2,4,4,0,4,179,0,1,0,1
v2_prod,1052571775085688,105257,57,2,6,6,0,6,50,0,1,1,1
v2_prod,1052571775111218,105257,54,2,4,4,0,4,49,0,1,1,1
v2_prod,1052571775126558,105257,37,1,1,1,0,1,35,0,1,0,0
v2_prod,1066141775007639,106614,45,2,4,4,0,4,40,0,1,1,1
v2_prod,1066141775039867,106614,62,2,7,7,0,7,54,0,1,1,1
v2_prod,1066141775063347,106614,64,1,0,0,0,0,63,0,1,0,0
v2_prod,1066141775086247,106614,74,2,5,5,0,5,68,0,1,1,1
v2_prod,1098631776522531,109863,376,2,5,5,0,5,370,0,1,0,1
v2_prod,1098631776598420,109863,250,2,3,3,0,3,246,0,1,0,1
v2_prod,1098641775019397,109864,39,2,6,6,0,6,32,0,1,0,1
v2_prod,1098641775295715,109864,61,3,7,7,0,7,53,0,1,0,2
v2_prod,1098641776957565,109864,152,3,17,17,0,17,134,0,1,1,1
v2_prod,1211421775239255,121142,81,1,0,0,0,0,80,0,1,0,0
v2_prod,1211421775449672,121142,90,1,1,1,0,1,88,0,1,0,0
v2_prod,1211421776328950,121142,130,3,14,14,0,14,115,0,1,0,2
v2_prod,1211501775020618,121150,48,1,2,2,0,2,45,0,1,0,0
v2_prod,1211501775059709,121150,46,1,8,8,0,8,37,0,1,0,0
v2_prod,1211501776318412,121150,111,3,2,2,0,2,108,0,1,1,1
v2_prod,1213801776293169,121380,34,3,5,5,0,5,28,0,1,0,1
v2_prod,1213801776938558,121380,331,2,13,13,0,13,317,0,1,0,1
v2_prod,1213811775057001,121381,191,2,20,20,0,20,170,0,1,0,1
v2_prod,1213851776315087,121385,221,1,15,15,0,15,205,0,1,0,0
v2_prod,1213851776532188,121385,259,2,2,2,0,2,256,0,1,0,1
v2_prod,1213851776961895,121385,204,2,11,11,0,11,192,0,1,1,1
v2_prod,1213861775217469,121386,123,2,9,9,0,9,113,0,1,1,2
v2_prod,1213861775244697,121386,101,1,3,3,0,3,97,0,1,0,0
v2_prod,1213861776318760,121386,249,1,3,3,0,3,245,0,1,0,0
v2_prod,1213861776375810,121386,138,2,6,6,0,6,131,0,1,0,1
v2_prod,1213881776528952,121388,161,2,1,1,0,1,159,0,1,0,1
v2_prod,1213891775060917,121389,97,2,5,5,0,5,91,0,1,0,1
v2_prod,1213961776546764,121396,171,1,0,0,0,0,170,0,1,0,0
v2_prod,1213961776695943,121396,98,1,0,0,0,0,97,0,1,0,0
v2_prod,1213961776711893,121396,121,2,3,3,0,3,117,0,1,0,1
v2_prod,1213991775115194,121399,203,2,3,3,0,3,199,0,1,0,1
v2_prod,1214051776285875,121405,179,2,3,3,0,3,175,0,1,1,1
v2_prod,1214051776313672,121405,64,2,5,5,0,5,58,0,1,1,1
v2_prod,1214121775172145,121412,61,2,1,1,0,1,59,0,1,0,1
v2_prod,1214121775505601,121412,122,2,5,5,0,5,116,0,1,1,1
v2_prod,1214121776444601,121412,148,1,3,3,0,3,144,0,1,0,0
v2_prod,1214161776369051,121416,400,2,6,6,0,6,393,0,1,1,1
v2_prod,1214161776437327,121416,311,3,14,14,0,14,296,0,1,1,1
v2_prod,1214161776646557,121416,178,3,5,5,0,5,172,0,1,2,1
v2_prod,1214171775087559,121417,96,1,4,4,0,4,91,0,1,0,0
v2_prod,1214171776505343,121417,261,1,3,3,0,3,257,0,1,0,0
v2_prod,1214191776808863,121419,109,2,5,5,0,5,103,0,1,0,1
v2_prod,1214211775145907,121421,169,1,0,0,0,0,168,0,1,0,0
v2_prod,1214211775193348,121421,119,1,0,0,0,0,118,0,1,0,0
v2_prod,1214301775622904,121430,177,3,17,17,0,17,159,0,1,0,1
v2_prod,1214301776533469,121430,130,2,4,4,0,4,125,0,1,1,1
v2_prod,1214341776300565,121434,135,2,3,3,0,3,131,0,1,0,1
v2_prod,1214341776315510,121434,279,3,5,5,0,5,273,0,1,1,2
v2_prod,1214341776422406,121434,153,3,3,3,0,3,149,0,1,0,1
v2_prod,1214361775471743,121436,119,2,6,5,1,5,112,0,1,0,1
v2_prod,1214401775047277,121440,53,2,17,17,0,17,35,0,1,0,1
v2_prod,1214401775064153,121440,57,2,17,17,0,17,39,0,1,0,1
v2_prod,1214401775103670,121440,112,2,26,26,0,26,85,0,1,0,1
v2_prod,1214401776376502,121440,81,2,2,2,0,2,78,0,1,1,1
v2_prod,1214401776429290,121440,74,1,2,2,0,2,71,0,1,0,0
v2_prod,1214401776447928,121440,98,2,3,3,0,3,94,0,1,0,1
v2_prod,1214401776908776,121440,63,2,4,4,0,4,58,0,1,0,1
v2_prod,1214451776357406,121445,251,2,4,4,0,4,246,0,1,0,1
v2_prod,1214451776412924,121445,170,2,6,5,1,5,163,0,1,0,1
v2_prod,1218891776871579,121889,283,2,3,3,0,3,279,0,1,1,1
v2_prod,1236121775057117,123612,130,2,7,7,0,7,122,0,1,1,1
v2_prod,1236121775084375,123612,202,1,0,0,0,0,201,0,1,0,0
v2_prod,1236121775751874,123612,111,1,2,2,0,2,108,0,1,0,0
v2_prod,1236121775769714,123612,111,2,6,6,0,6,104,0,1,1,1
v2_prod,1236121775830984,123612,122,2,13,13,0,13,108,0,1,0,1
v2_prod,1236121776574767,123612,225,2,1,1,0,1,223,0,1,0,1
v2_prod,1236131775007199,123613,59,2,5,5,0,5,53,0,1,1,1
v2_prod,1236131775168872,123613,51,2,5,5,0,5,45,0,1,1,1
v2_prod,1236131775183742,123613,93,1,1,1,0,1,91,0,1,0,0
v2_prod,1236131775556075,123613,75,2,5,5,0,5,69,0,1,0,1
v2_prod,1243861775149241,124386,123,2,5,5,0,5,117,0,1,0,1
v2_prod,1243861775525324,124386,212,2,3,2,1,2,208,0,1,1,1
v2_prod,1243861776340498,124386,257,3,3,3,0,3,253,0,1,1,1
v2_prod,1243861776478564,124386,259,3,9,8,1,8,249,0,1,0,1
v2_prod,1243861776560537,124386,281,3,3,3,0,3,277,0,1,0,2
v2_prod,1245811775015664,124581,65,2,4,4,0,4,60,0,1,1,1
v2_prod,1245811775086706,124581,82,1,16,16,0,16,65,0,1,0,0
v2_prod,1245811776333528,124581,185,2,13,13,0,13,171,0,1,0,0
v2_prod,1245811776605963,124581,128,1,9,9,0,9,118,0,1,0,0
v2_prod,1245851776474907,124585,153,2,1,1,0,1,151,0,1,0,1
v2_prod,1250351776461711,125035,280,2,3,3,0,3,276,0,1,0,1
v2_prod,1250351776493066,125035,378,2,2,1,1,1,375,0,1,0,1
v2_prod,1250361775098312,125036,79,2,4,4,0,4,74,0,1,1,2
v2_prod,1250361775157420,125036,109,3,5,5,0,5,103,0,1,1,1
v2_prod,1250361776335230,125036,202,1,2,2,0,2,199,0,1,0,0
v2_prod,1256191775060406,125619,93,2,9,9,0,9,83,0,1,0,1
v2_prod,1256191775338515,125619,65,1,0,0,0,0,64,0,1,0,0
v2_prod,1256191776449149,125619,262,2,3,3,0,3,258,0,1,0,1
v2_prod,1256191776478958,125619,256,2,5,5,0,5,250,0,1,0,2
v2_prod,1256191776519659,125619,113,2,5,4,1,4,107,0,1,1,1
v2_prod,1263951775102100,126395,79,5,15,15,0,15,63,0,1,2,2
v2_prod,1263951775342723,126395,61,1,4,4,0,4,56,0,1,0,0
v2_prod,1263951775406740,126395,52,2,8,8,0,8,43,0,1,0,1
v2_prod,1263951776372708,126395,117,3,5,5,0,5,111,0,1,1,1
v2_prod,1263951776395748,126395,141,3,12,12,0,12,128,0,1,0,2
v2_prod,1264001775237348,126400,43,2,7,7,0,7,35,0,1,1,1
v2_prod,1264001775329460,126400,43,2,5,5,0,5,37,0,1,1,1
v2_prod,1264001776343000,126400,188,2,12,12,0,12,175,0,1,0,2
v2_prod,1264001776536030,126400,129,1,6,6,0,6,122,0,1,0,0
v2_prod,1264001776606637,126400,116,2,5,5,0,5,110,0,1,1,1
v2_prod,1264091775090606,126409,115,2,15,14,1,14,99,0,1,0,1
v2_prod,1264091775113066,126409,77,3,8,7,1,7,68,0,1,1,1
v2_prod,1264281775006966,126428,59,2,9,9,0,9,49,0,1,0,2
v2_prod,1264281775205639,126428,73,2,10,10,0,10,62,0,1,0,2
v2_prod,1264281775309154,126428,63,2,5,5,0,5,57,0,1,1,1
v2_prod,1264291775143352,126429,36,1,1,1,0,1,34,0,1,0,0
v2_prod,1264291775172775,126429,46,2,4,4,0,4,41,0,1,1,1
v2_prod,1264291775330721,126429,31,2,2,1,1,1,28,0,1,1,1
v2_prod,1264291776337806,126429,387,3,14,14,0,14,372,0,1,1,1
v2_prod,1264291776430246,126429,153,3,13,10,3,10,139,0,1,0,1
v2_prod,1264291776458997,126429,147,1,7,7,0,7,139,0,1,0,0
v2_prod,1264301775275364,126430,139,2,7,7,0,7,131,0,1,0,1
v2_prod,1264301775372311,126430,152,3,14,14,0,14,137,0,1,2,1
v2_prod,1264301776337759,126430,237,2,11,11,0,11,225,0,1,0,2
v2_prod,1264301776387256,126430,187,2,2,2,0,2,184,0,1,0,1
v2_prod,1264341775399858,126434,162,2,16,14,2,14,145,0,1,0,2
v2_prod,1264341776448125,126434,364,2,4,4,0,4,359,0,1,1,1
v2_prod,1264341776503271,126434,109,1,1,1,0,1,107,0,1,0,0
v2_prod,1264341776544548,126434,80,2,6,6,0,6,73,0,1,1,1
v2_prod,1264341776928319,126434,122,2,9,9,0,9,112,0,1,0,1
v2_prod,1264391775040919,126439,50,2,6,6,0,6,43,0,1,1,1
v2_prod,1264391775071870,126439,41,2,2,2,0,2,38,0,1,1,1
v2_prod,1264401775046523,126440,81,2,14,14,0,14,66,0,1,0,2
v2_prod,1264401775100681,126440,76,1,2,2,0,2,73,0,1,0,0
v2_prod,1264401775111741,126440,86,2,5,5,0,5,80,0,1,0,0
v2_prod,1264401776301422,126440,86,1,1,1,0,1,84,0,1,0,0
v2_prod,1264401776323964,126440,116,3,5,5,0,5,110,0,1,1,1
v2_prod,1270471775074005,127047,68,3,7,7,0,7,60,0,1,2,1
v2_prod,1270471775144100,127047,59,1,6,6,0,6,52,0,1,0,0
v2_prod,1270471775189011,127047,65,3,7,7,0,7,57,0,1,1,1
v2_prod,1278961775037478,127896,110,2,7,5,2,5,102,0,1,1,2
v2_prod,1278961775094027,127896,74,2,9,8,1,8,64,0,1,0,1
v2_prod,1278961776284171,127896,59,1,9,9,0,9,49,0,1,0,0
v2_prod,1278961776305664,127896,110,1,2,2,0,2,107,0,1,0,0
v2_prod,1278961776379679,127896,85,1,3,3,0,3,81,0,1,0,0
v2_prod,1479961775164998,147996,111,2,10,9,1,9,100,0,1,0,1
v2_prod,1480061775253090,148006,17,2,4,3,1,3,12,0,1,1,1
v2_prod,1480061775299920,148006,35,1,6,6,0,6,28,0,1,0,0
v2_prod,1480061776493298,148006,213,3,2,2,0,2,210,0,1,0,2
v2_prod,1480061776559750,148006,187,2,2,2,0,2,184,0,1,1,1
v2_prod,1480061776636715,148006,168,1,1,0,1,0,166,0,1,0,0
v2_prod,1480091775247591,148009,113,3,10,10,0,10,102,0,1,1,2
v2_prod,1480091776346277,148009,227,3,7,7,0,7,219,0,1,0,1
v2_prod,1480091776379263,148009,129,2,8,8,0,8,120,0,1,1,1
v2_prod,1480121775031911,148012,76,1,3,3,0,3,72,0,1,0,0
v2_prod,1480121775491525,148012,88,2,9,7,2,7,78,0,1,0,1
v2_prod,1480121776323426,148012,179,1,1,1,0,1,177,0,1,0,0
v2_prod,1480121776350966,148012,313,2,6,4,2,4,306,0,1,1,1
v2_prod,1480121776414071,148012,287,1,2,1,1,1,284,0,1,0,0
v2_prod,1480121776927696,148012,85,1,0,0,0,0,84,0,1,0,0
v2_prod,1480211775517727,148021,106,2,3,3,0,3,102,0,1,0,1
v2_prod,1480211776288557,148021,111,2,2,2,0,2,108,0,1,0,1
v2_prod,1486491775187931,148649,70,2,10,10,0,10,59,0,1,1,1
v2_prod,1486491775224728,148649,76,2,1,1,0,1,74,0,1,0,2
v2_prod,1486491775252958,148649,47,2,3,3,0,3,43,0,1,1,1
v2_prod,1486491775314441,148649,94,2,9,9,0,9,84,0,1,0,2
v2_prod,1486491776482041,148649,183,2,4,4,0,4,178,0,1,0,1
v2_prod,1486491776514520,148649,68,2,10,10,0,10,57,0,1,1,1
v2_prod,1486491776919925,148649,167,1,0,0,0,0,166,0,1,0,0
v2_prod,1507111775186314,150711,68,2,3,2,1,2,64,0,1,0,1
v2_prod,1507111775235100,150711,84,3,10,9,1,9,73,0,1,2,1
v2_prod,1507111776401624,150711,129,4,10,10,0,10,118,0,1,2,2
v2_prod,1509261775133507,150926,49,1,3,3,0,3,45,0,1,0,0
v2_prod,1509261776350606,150926,68,1,0,0,0,0,67,0,1,0,0
v2_prod,1509271775067704,150927,36,1,1,1,0,1,34,0,1,0,0
v2_prod,1509271775124548,150927,46,2,1,1,0,1,44,0,1,1,1
v2_prod,1509271775185680,150927,49,1,1,1,0,1,47,0,1,0,0
v2_prod,1509271776298576,150927,108,1,1,1,0,1,106,0,1,0,0
v2_prod,1509271776365794,150927,83,2,3,2,1,2,79,0,1,0,1
v2_prod,1509271776396674,150927,91,2,3,3,0,3,87,0,1,1,1
v2_prod,1509271776947490,150927,74,2,5,5,0,5,68,0,1,0,1
v2_prod,1509291775178980,150929,79,2,1,1,0,1,77,0,1,1,1
v2_prod,1509291775221741,150929,78,2,5,5,0,5,72,0,1,0,1
v2_prod,1509291776301080,150929,179,1,7,7,0,7,171,0,1,0,0
v2_prod,1509291776357797,150929,214,4,8,8,0,8,205,0,1,1,1
v2_prod,1509331775567630,150933,48,1,0,0,0,0,47,0,1,0,0
v2_prod,1509351775002287,150935,38,1,2,2,0,2,35,0,1,0,0
v2_prod,1526701775023627,152670,98,2,10,10,0,10,87,0,1,0,1
v2_prod,1526701775098261,152670,77,3,13,13,0,13,63,0,1,0,2
v2_prod,1526701775380109,152670,62,2,5,4,1,4,56,0,1,0,1
v2_prod,1526701776379291,152670,287,3,4,4,0,4,282,0,1,0,1
v2_prod,1526701776406119,152670,250,1,2,2,0,2,247,0,1,0,0
v2_prod,1526701776453282,152670,195,3,3,3,0,3,191,0,1,1,1
v2_prod,1532971776423860,153297,221,1,7,7,0,7,213,0,1,0,0
v2_prod,1532971776467859,153297,268,3,6,6,0,6,261,0,1,0,1
v2_prod,1532971776730396,153297,267,1,2,2,0,2,264,0,1,0,0
v2_prod,1532971776924084,153297,227,1,1,1,0,1,225,0,1,0,0
v2_prod,1569091775355421,156909,61,1,0,0,0,0,60,0,1,0,0
v2_prod,1569091775578496,156909,91,3,9,9,0,9,81,0,1,2,1
v2_prod,1569091776328406,156909,219,3,5,5,0,5,213,0,1,1,1
v2_prod,1569091776501586,156909,283,2,7,7,0,7,275,0,1,0,1
v2_prod,1569091776668527,156909,255,1,1,1,0,1,253,0,1,0,0
v2_prod,1582201775041620,158220,82,3,7,7,0,7,74,0,1,1,1
v2_prod,1582201775075101,158220,38,2,5,5,0,5,32,0,1,0,1
v2_prod,1582201775114208,158220,151,2,14,12,2,12,136,0,1,0,1
v2_prod,1582201776637547,158220,130,3,15,15,0,15,114,0,1,2,1
v2_prod,1582201776728707,158220,229,3,4,4,0,4,224,0,1,1,1
v2_prod,1582201776753897,158220,193,1,2,2,0,2,190,0,1,0,0
v2_prod,1582231775543731,158223,52,1,0,0,0,0,51,0,1,0,0
v2_prod,1582231775575988,158223,54,2,2,1,1,1,51,0,1,1,1
v2_prod,1582231776464240,158223,264,2,2,2,0,2,261,0,1,0,2
v2_prod,1592541775299388,159254,85,4,16,15,1,15,68,0,1,1,3
v2_prod,1592541775399840,159254,101,2,14,14,0,14,86,0,1,0,1
v2_prod,1592541775446049,159254,57,1,1,1,0,1,55,0,1,0,0
v2_prod,1592541776621898,159254,172,1,6,6,0,6,165,0,1,0,0
v2_prod,1592541776929343,159254,187,4,7,7,0,7,179,0,1,0,2
v2_prod,1592551775033936,159255,61,1,4,4,0,4,56,0,1,0,0
v2_prod,1592551775068703,159255,49,2,6,6,0,6,42,0,1,0,1
v2_prod,1592551776300447,159255,150,1,5,5,0,5,144,0,1,0,0
v2_prod,1592551776381135,159255,146,2,12,12,0,12,133,0,1,1,1
v2_prod,1592551776402564,159255,105,1,0,0,0,0,104,0,1,0,0
v2_prod,1592761776571334,159276,308,2,7,7,0,7,300,0,1,0,1
v2_prod,1592761776616929,159276,231,2,3,3,0,3,227,0,1,0,2
v2_prod,1593491775057473,159349,57,2,7,6,1,6,49,0,1,0,1
v2_prod,1593491775098280,159349,89,2,13,11,2,11,75,0,1,0,1
v2_prod,1593491776417636,159349,178,3,10,8,2,8,167,0,1,1,1
v2_prod,1593491776481385,159349,50,2,8,7,1,7,41,0,1,1,1
v2_prod,1618671775002688,161867,68,2,3,3,0,3,64,0,1,1,1
v2_prod,1618671775021611,161867,74,2,6,5,1,5,67,0,1,0,1
v2_prod,1618671776287832,161867,29,1,0,0,0,0,28,0,1,0,0
v2_prod,1625481776460195,162548,127,2,4,4,0,4,122,0,1,0,1
v2_prod,1625481776478204,162548,240,1,1,1,0,1,238,0,1,0,0
v2_prod,1627131776337887,162713,261,3,6,6,0,6,254,0,1,0,1
v2_prod,1627131776431187,162713,366,2,7,7,0,7,358,0,1,0,1
v2_prod,1627131776476503,162713,273,3,2,2,0,2,270,0,1,0,1
v2_prod,1628241775071412,162824,44,2,2,2,0,2,41,0,1,0,1
v2_prod,1628241776295776,162824,181,4,8,8,0,8,172,0,1,0,2
v2_prod,1628241776398835,162824,143,1,1,1,0,1,141,0,1,0,0
v2_prod,1628241776421546,162824,144,2,3,3,0,3,140,0,1,0,1
v2_prod,1628311775636837,162831,70,2,2,2,0,2,67,0,1,1,1
v2_prod,1628311776467472,162831,143,2,5,5,0,5,137,0,1,0,1
v2_prod,1628311776915649,162831,148,2,2,2,0,2,145,0,1,0,1
v2_prod,1628311776961752,162831,151,2,4,4,0,4,146,0,1,0,1
v2_prod,1646431775167252,164643,97,2,8,8,0,8,88,0,1,0,1
v2_prod,1646431775645624,164643,79,2,5,5,0,5,73,0,1,1,1
v2_prod,1646431776914669,164643,202,1,0,0,0,0,201,0,1,0,0
v2_prod,1648861776897837,164886,387,2,7,7,0,7,379,0,1,0,1
v2_prod,1648871775293761,164887,67,3,10,10,0,10,56,0,1,0,2
v2_prod,1648871775322408,164887,66,2,6,6,0,6,59,0,1,0,1
v2_prod,1648871776655388,164887,75,2,4,4,0,4,70,0,1,1,1
v2_prod,1648871776859097,164887,175,1,9,9,0,9,165,0,1,0,0
v2_prod,1648871776901089,164887,171,1,4,4,0,4,166,0,1,0,0
v2_prod,1648901775015502,164890,74,2,11,11,0,11,62,0,1,1,1
v2_prod,1648901775057795,164890,77,2,8,8,0,8,68,0,1,1,1
v2_prod,1648901775087993,164890,68,2,9,9,0,9,58,0,1,0,1
v2_prod,1648901776369305,164890,125,1,3,3,0,3,121,0,1,0,0
v2_prod,1648901776436275,164890,118,3,6,6,0,6,111,0,1,1,1
v2_prod,1648911775240073,164891,70,1,4,4,0,4,65,0,1,0,0
v2_prod,1648911775267563,164891,71,1,1,1,0,1,69,0,1,0,0
v2_prod,1648911775308093,164891,67,2,7,6,1,6,59,0,1,0,1
v2_prod,1648911775324423,164891,66,2,5,5,0,5,60,0,1,0,2
v2_prod,1648911775341673,164891,25,2,2,2,0,2,22,0,1,1,1
v2_prod,1648921775061112,164892,102,2,10,8,2,8,91,0,1,0,2
v2_prod,1648921775082526,164892,186,1,1,1,0,1,184,0,1,0,0
v2_prod,1648921775538758,164892,237,1,0,0,0,0,236,0,1,0,0
v2_prod,1649011775077517,164901,96,2,12,10,2,10,83,0,1,0,2
v2_prod,1649011775110572,164901,105,2,9,9,0,9,95,0,1,0,1
v2_prod,1649011776288040,164901,114,1,4,4,0,4,109,0,1,0,0
v2_prod,1649011776302020,164901,98,1,2,2,0,2,95,0,1,0,0
v2_prod,1649011776338399,164901,209,3,8,8,0,8,200,0,1,0,1
v2_prod,1649011776370741,164901,248,2,15,15,0,15,232,0,1,0,1
v2_prod,1649021776287989,164902,243,2,1,1,0,1,241,0,1,0,0
v2_prod,1649021776362402,164902,89,2,2,2,0,2,86,0,1,0,1
v2_prod,1649021776376575,164902,80,1,1,1,0,1,78,0,1,0,0
v2_prod,1649021776448461,164902,210,2,5,5,0,5,204,0,1,0,1
v2_prod,1649021776920576,164902,207,2,3,3,0,3,203,0,1,1,0
v2_prod,1661341776528220,166134,133,1,8,8,0,8,124,0,1,0,0
v2_prod,1661441775121939,166144,109,2,12,12,0,12,96,0,1,1,2
v2_prod,1661491775292478,166149,62,2,7,7,0,7,54,0,1,0,1
v2_prod,1661491776314048,166149,90,2,3,2,1,2,86,0,1,0,1
v2_prod,1661491776324361,166149,78,1,0,0,0,0,77,0,1,0,0
v2_prod,1661491776381494,166149,182,2,13,12,1,12,168,0,1,0,1
v2_prod,1661531775014601,166153,53,1,8,8,0,8,44,0,1,0,0
v2_prod,1661531775082934,166153,92,2,19,18,1,18,72,0,1,1,1
v2_prod,1661531775111994,166153,35,1,3,3,0,3,31,0,1,0,0
v2_prod,1661531776317546,166153,201,1,7,6,1,6,193,0,1,0,0
v2_prod,1661531776355784,166153,234,1,7,7,0,7,226,0,1,0,0
v2_prod,1661531776393114,166153,152,2,7,6,1,6,144,0,1,0,0
v2_prod,1661621775005673,166162,109,1,5,5,0,5,103,0,1,0,0
v2_prod,1661621775029863,166162,54,2,9,9,0,9,44,0,1,1,1
v2_prod,1661621775158213,166162,48,1,4,4,0,4,43,0,1,0,0
v2_prod,1661621775174220,166162,58,2,8,8,0,8,49,0,1,1,1
v2_prod,1661621776335075,166162,100,1,2,0,2,0,97,0,1,0,0
v2_prod,1661621776352158,166162,90,2,5,5,0,5,84,0,1,1,1
v2_prod,1661621776933635,166162,232,1,2,2,0,2,229,0,1,0,0
v2_prod,1683751775031284,168375,99,2,4,4,0,4,94,0,1,1,1
v2_prod,1683751775057706,168375,88,2,5,5,0,5,82,0,1,1,1
v2_prod,1683751776365130,168375,214,2,9,9,0,9,204,0,1,0,1
v2_prod,1683751776405814,168375,190,1,1,1,0,1,188,0,1,0,0
v2_prod,1702061775058497,170206,103,3,17,17,0,17,85,0,1,1,1
v2_prod,1702061775117724,170206,58,1,1,1,0,1,56,0,1,0,0
v2_prod,1702061776385282,170206,125,1,1,1,0,1,123,0,1,0,0
v2_prod,1702061776403722,170206,125,2,1,1,0,1,123,0,1,0,1
v2_prod,1702061776423132,170206,216,1,15,15,0,15,200,0,1,0,0
v2_prod,1716901775045769,171690,43,2,1,1,0,1,41,0,1,0,1
v2_prod,1716901775074324,171690,49,2,2,2,0,2,46,0,1,1,1
v2_prod,1716901775095020,171690,72,1,1,1,0,1,70,0,1,0,0
v2_prod,1716901776311831,171690,103,2,3,3,0,3,99,0,1,1,1
v2_prod,1716901776352048,171690,94,2,2,2,0,2,91,0,1,0,1
v2_prod,1716901776394050,171690,264,3,4,4,0,4,259,0,1,1,2
v2_prod,1719041775097109,171904,193,3,5,5,0,5,187,0,1,2,1
v2_prod,1719051775155221,171905,73,1,3,3,0,3,69,0,1,0,0
v2_prod,1719051775176771,171905,64,1,0,0,0,0,63,0,1,0,0
v2_prod,1719051776423271,171905,212,2,2,2,0,2,209,0,1,0,1
v2_prod,1719051776448091,171905,194,2,2,2,0,2,191,0,1,0,1
v2_prod,1719051776917842,171905,200,1,3,3,0,3,196,0,1,0,0
v2_prod,1719771775086463,171977,86,2,14,14,0,14,71,0,1,0,1
v2_prod,1719771775121374,171977,59,1,4,4,0,4,54,0,1,0,0
v2_prod,1719771775275875,171977,160,2,14,14,0,14,145,0,1,1,1
v2_prod,1719811776284034,171981,174,1,10,10,0,10,163,0,1,0,0
v2_prod,1719811776304696,171981,241,1,10,10,0,10,230,0,1,0,0
v2_prod,1719811776560880,171981,180,2,3,3,0,3,176,0,1,1,1
v2_prod,1719811776620245,171981,171,2,3,3,0,3,167,0,1,0,2
v2_prod,1720931775239314,172093,145,2,3,2,1,2,141,0,1,1,1
v2_prod,1720931775279453,172093,104,1,0,0,0,0,103,0,1,0,0
v2_prod,1720931775302346,172093,161,1,0,0,0,0,160,0,1,0,0
v2_prod,1720931776812697,172093,74,3,19,19,0,19,54,0,1,1,2
v2_prod,1752451775143264,175245,140,2,4,4,0,4,135,0,1,0,1
v2_prod,1752451775272681,175245,207,2,3,3,0,3,203,0,1,1,1
v2_prod,1790311775053899,179031,206,3,39,34,5,34,166,0,1,0,1
v2_prod,1790311775105412,179031,117,2,16,16,0,16,100,0,1,0,1
v2_prod,1790311775142120,179031,139,2,18,18,0,18,120,0,1,1,1
v2_prod,1790311776312100,179031,302,5,12,10,2,10,289,0,1,1,1
v2_prod,1790351775273792,179035,135,3,13,13,0,13,121,0,1,1,1
v2_prod,1790351775334909,179035,111,1,3,3,0,3,107,0,1,0,0
v2_prod,1790351776321244,179035,110,1,0,0,0,0,109,0,1,0,0
v2_prod,1790351776365261,179035,104,1,0,0,0,0,103,0,1,0,0
v2_prod,1790351776380978,179035,90,1,0,0,0,0,89,0,1,0,0
v2_prod,1790381775012063,179038,147,1,30,30,0,30,116,0,1,0,0
v2_prod,1790381775115128,179038,135,2,29,27,2,27,105,0,1,0,1
v2_prod,1790381775157640,179038,126,1,21,20,1,20,104,0,1,0,0
v2_prod,1790381776521905,179038,229,2,2,2,0,2,226,0,1,1,1
v2_prod,1790381776709438,179038,285,2,11,10,1,10,273,0,1,1,1
v2_prod,1790391775663203,179039,75,1,1,1,0,1,73,0,1,0,0
v2_prod,1790391775681989,179039,75,1,0,0,0,0,74,0,1,0,0
v2_prod,1790391776108220,179039,176,2,10,9,1,9,165,0,1,1,1
v2_prod,1790391776384914,179039,205,1,2,2,0,2,202,0,1,0,0
v2_prod,1790391776434437,179039,134,2,6,6,0,6,127,0,1,0,1
v2_prod,1790421775493560,179042,127,1,9,9,0,9,117,0,1,0,0
v2_prod,1790421775579730,179042,83,1,4,4,0,4,78,0,1,0,0
v2_prod,1790421776588697,179042,282,2,5,5,0,5,276,0,1,0,1
v2_prod,1790421776628367,179042,248,3,4,4,0,4,243,0,1,0,2
v2_prod,1790441776546527,179044,249,1,1,1,0,1,247,0,1,0,0
v2_prod,1790441776590726,179044,169,2,1,1,0,1,167,0,1,0,1
v2_prod,1790441776615164,179044,102,2,4,4,0,4,97,0,1,1,1
v2_prod,1790471775076901,179047,71,3,7,7,0,7,63,0,1,1,1
v2_prod,1790471775119776,179047,167,2,18,18,0,18,148,0,1,0,2
v2_prod,1790471776380016,179047,164,1,4,4,0,4,159,0,1,0,0
v2_prod,1790471776944088,179047,274,1,6,6,0,6,267,0,1,0,0
v2_prod,1790481776434571,179048,223,1,3,3,0,3,219,0,1,0,0
v2_prod,1790481776488156,179048,299,3,4,4,0,4,294,0,1,0,1
v2_prod,1790481776527278,179048,99,1,0,0,0,0,98,0,1,0,0
v2_prod,1790491775111849,179049,76,2,4,4,0,4,71,0,1,1,1
v2_prod,1790491775168848,179049,82,2,2,2,0,2,79,0,1,1,1
v2_prod,1790491776286034,179049,157,1,1,1,0,1,155,0,1,0,0
v2_prod,1790491776333283,179049,105,2,2,2,0,2,102,0,1,1,1
v2_prod,1790491776351313,179049,90,2,2,2,0,2,87,0,1,1,1
v2_prod,1790511775028122,179051,102,1,8,8,0,8,93,0,1,0,0
v2_prod,1790511775077785,179051,48,1,5,5,0,5,42,0,1,0,0
v2_prod,1790511776522106,179051,266,2,7,7,0,7,258,0,1,1,1
v2_prod,1790511776560356,179051,111,1,2,1,1,1,108,0,1,0,0
v2_prod,1790511776574680,179051,149,1,1,1,0,1,147,0,1,0,0
v2_prod,1790511776952209,179051,136,1,6,6,0,6,129,0,1,0,0
v2_prod,1790541775095373,179054,133,3,10,8,2,8,122,0,1,1,1
v2_prod,1790541775138173,179054,116,2,5,5,0,5,110,0,1,1,1
v2_prod,1790541775162843,179054,138,2,15,13,2,13,122,0,1,0,2
v2_prod,1790541776305985,179054,274,2,1,1,0,1,272,0,1,1,1
v2_prod,1790541776373031,179054,104,1,0,0,0,0,103,0,1,0,0
v2_prod,1790541776387408,179054,132,2,3,3,0,3,128,0,1,1,1
v2_prod,1790651775177893,179065,210,2,2,2,0,2,207,0,1,0,1
v2_prod,1790651775239550,179065,166,3,2,2,0,2,163,0,1,0,1
v2_prod,1790681775505661,179068,91,2,4,4,0,4,86,0,1,1,1
v2_prod,1791321775011127,179132,63,2,1,1,0,1,61,0,1,1,1
v2_prod,1791321775188320,179132,97,4,11,8,3,8,85,0,1,1,2
v2_prod,1791321775602315,179132,48,3,5,5,0,5,42,0,1,1,1
v2_prod,1791321776351562,179132,143,2,1,1,0,1,141,0,1,1,1
v2_prod,1791341775045702,179134,68,1,1,1,0,1,66,0,1,0,0
v2_prod,1791341775070439,179134,52,1,1,1,0,1,50,0,1,0,0
v2_prod,1791341775110101,179134,60,2,2,2,0,2,57,0,1,1,1
v2_prod,1791341775141544,179134,53,1,1,1,0,1,51,0,1,0,0
v2_prod,1791341776373644,179134,192,2,1,1,0,1,190,0,1,0,1
v2_prod,1791341776525490,179134,186,2,2,2,0,2,183,0,1,0,1
v2_prod,1791371775170334,179137,88,2,8,8,0,8,79,0,1,0,1
v2_prod,1791371775185268,179137,165,2,16,16,0,16,148,0,1,0,1
v2_prod,1791371776318995,179137,232,2,2,2,0,2,229,0,1,0,2
v2_prod,1791371776384467,179137,176,1,0,0,0,0,175,0,1,0,0
v2_prod,1791371776958052,179137,144,1,1,1,0,1,142,0,1,0,0
v2_prod,1791651776727412,179165,223,2,3,3,0,3,219,0,1,1,1
v2_prod,1791681775136380,179168,131,2,6,5,1,5,124,0,1,1,0
v2_prod,1791681776289076,179168,139,2,4,3,1,3,134,0,1,0,2
v2_prod,1791681776353945,179168,114,1,2,2,0,2,111,0,1,0,0
v2_prod,1791681776369454,179168,93,1,1,1,0,1,91,0,1,0,0
v2_prod,1791721775002233,179172,109,1,0,0,0,0,108,0,1,0,0
v2_prod,1791731775213498,179173,98,2,11,11,0,11,86,0,1,0,1
v2_prod,1791731775229938,179173,76,2,5,5,0,5,70,0,1,0,1
v2_prod,1791731775244488,179173,97,1,4,4,0,4,92,0,1,0,0
v2_prod,1791731776335484,179173,140,2,6,6,0,6,133,0,1,0,1
v2_prod,1791731776363063,179173,168,1,1,1,0,1,166,0,1,0,0
v2_prod,1791731776418556,179173,211,2,3,3,0,3,207,0,1,0,1
v2_prod,1791781775538892,179178,82,2,4,4,0,4,77,0,1,1,1
v2_prod,1791781776299254,179178,207,3,7,7,0,7,199,0,1,0,1
v2_prod,1791781776352230,179178,294,2,4,4,0,4,289,0,1,0,1
v2_prod,1791841775330822,179184,95,2,4,4,0,4,90,0,1,1,1
v2_prod,1791841775411744,179184,117,2,5,5,0,5,111,0,1,1,1
v2_prod,1791841776526877,179184,190,3,7,7,0,7,182,0,1,0,1
v2_prod,1791841776567067,179184,277,2,4,4,0,4,272,0,1,0,1
v2_prod,1791871775033743,179187,103,1,0,0,0,0,102,0,1,0,0
v2_prod,1791871775130534,179187,62,1,1,1,0,1,60,0,1,0,0
v2_prod,1791901776290575,179190,284,1,11,10,1,10,272,0,1,0,0
v2_prod,1791901776354145,179190,276,1,12,11,1,11,263,0,1,0,0
v2_prod,1791901776386014,179190,241,4,19,19,0,19,221,0,1,0,1
v2_prod,1792391775047563,179239,138,2,9,9,0,9,128,0,1,0,1
v2_prod,1792391775109198,179239,143,2,8,8,0,8,134,0,1,1,1
v2_prod,1792391775146402,179239,107,2,4,4,0,4,102,0,1,1,1
v2_prod,1792391776286552,179239,220,2,4,4,0,4,215,0,1,1,1
v2_prod,1792391776381419,179239,212,1,0,0,0,0,211,0,1,0,0
v2_prod,1792391776441788,179239,175,2,2,2,0,2,172,0,1,0,0
v2_prod,1792391776920647,179239,231,2,3,3,0,3,227,0,1,0,2
v2_prod,1792431775015098,179243,39,1,2,2,0,2,36,0,1,0,0
v2_prod,1792431775057003,179243,51,2,6,6,0,6,44,0,1,0,1
v2_prod,1792431775082426,179243,47,1,5,5,0,5,41,0,1,0,0
v2_prod,1792431775157755,179243,70,2,9,9,0,9,60,0,1,0,1
v2_prod,1792431776321074,179243,153,3,5,5,0,5,147,0,1,0,1
v2_prod,1792441775117931,179244,75,2,11,11,0,11,63,0,1,1,1
v2_prod,1792441776357634,179244,73,1,10,10,0,10,62,0,1,0,0
v2_prod,1793121775004987,179312,44,1,0,0,0,0,43,0,1,0,0
v2_prod,1793121776309222,179312,133,2,5,5,0,5,127,0,1,1,1
v2_prod,1793121776348645,179312,117,1,1,1,0,1,115,0,1,0,0
v2_prod,1793121776374158,179312,161,1,2,2,0,2,158,0,1,0,0
v2_prod,1793131776315488,179313,71,2,2,2,0,2,68,0,1,1,1
v2_prod,1793131776358478,179313,53,2,2,2,0,2,50,0,1,0,1
v2_prod,1804461775342198,180446,60,2,2,2,0,2,57,0,1,1,0
v2_prod,1804461775593997,180446,92,1,10,10,0,10,81,0,1,0,0
v2_prod,1804461775623653,180446,77,1,0,0,0,0,76,0,1,0,0
v2_prod,1804461776934918,180446,205,3,5,5,0,5,199,0,1,1,2
v2_prod,1804521776375530,180452,118,1,1,1,0,1,116,0,1,0,0
v2_prod,1804521776805530,180452,255,1,0,0,0,0,254,0,1,0,0
v2_prod,1804581775066483,180458,113,2,8,8,0,8,104,0,1,0,1
v2_prod,1804581775105603,180458,189,1,1,1,0,1,187,0,1,0,0
v2_prod,1804581775149073,180458,88,2,3,3,0,3,84,0,1,1,1
v2_prod,1804581776353615,180458,162,1,7,7,0,7,154,0,1,0,0
v2_prod,1804581776441421,180458,246,3,14,14,0,14,231,0,1,0,1
v2_prod,1804591775055111,180459,135,2,15,13,2,13,119,0,1,0,2
v2_prod,1804591775141167,180459,95,2,6,6,0,6,88,0,1,1,1
v2_prod,1804591775154678,180459,82,1,1,1,0,1,80,0,1,0,0
v2_prod,1804591776506965,180459,160,1,2,2,0,2,157,0,1,0,0
v2_prod,1804591776528029,180459,132,1,3,3,0,3,128,0,1,0,0
v2_prod,1804591776543010,180459,263,2,2,2,0,2,260,0,1,1,1
v2_prod,1808411775314389,180841,190,1,4,4,0,4,185,0,1,0,0
v2_prod,1808411775452848,180841,209,1,0,0,0,0,208,0,1,0,0
v2_prod,1808471775015102,180847,97,2,11,11,0,11,85,0,1,0,1
v2_prod,1808471775112521,180847,108,2,4,4,0,4,103,0,1,1,1
v2_prod,1808471775211968,180847,86,2,18,18,0,18,67,0,1,0,1
v2_prod,1808471775593206,180847,67,2,11,9,2,9,55,0,1,0,1
v2_prod,1808471776560820,180847,97,2,2,2,0,2,94,0,1,1,1
v2_prod,1808471776608491,180847,134,2,5,5,0,5,128,0,1,0,0
v2_prod,1808481775155738,180848,121,2,9,9,0,9,111,0,1,0,1
v2_prod,1808481775192942,180848,88,2,9,9,0,9,78,0,1,0,1
v2_prod,1808481775232413,180848,96,2,11,11,0,11,84,0,1,0,2
v2_prod,1808501776470050,180850,177,2,4,3,1,3,172,0,1,0,1
v2_prod,1808501776548195,180850,136,2,6,6,0,6,129,0,1,0,1
v2_prod,1808551775226912,180855,80,2,16,16,0,16,63,0,1,0,1
v2_prod,1808551775259761,180855,92,2,10,10,0,10,81,0,1,0,1
v2_prod,1808551776750965,180855,168,2,3,3,0,3,164,0,1,0,1
v2_prod,1808601775007621,180860,50,2,7,7,0,7,42,0,1,0,1
v2_prod,1808601775210259,180860,67,2,6,6,0,6,60,0,1,0,2
v2_prod,1808601775233532,180860,63,2,2,2,0,2,60,0,1,1,1
v2_prod,1808601776349812,180860,152,3,5,5,0,5,146,0,1,2,1
v2_prod,1808601776370452,180860,121,2,5,5,0,5,115,0,1,1,1
v2_prod,1808601776572355,180860,129,1,0,0,0,0,128,0,1,0,0
v2_prod,1808631775136624,180863,109,1,3,3,0,3,105,0,1,0,0
v2_prod,1808631775233569,180863,65,1,2,2,0,2,62,0,1,0,0
v2_prod,1808711775511143,180871,165,1,5,5,0,5,159,0,1,0,0
v2_prod,1808721775015051,180872,74,2,8,8,0,8,65,0,1,1,1
v2_prod,1808721775073164,180872,68,2,7,7,0,7,60,0,1,1,1
v2_prod,1808721776569157,180872,158,1,1,1,0,1,156,0,1,0,0
v2_prod,1808721776629184,180872,151,2,1,1,0,1,149,0,1,0,1
v2_prod,1808741775103101,180874,97,2,7,7,0,7,89,0,1,1,1
v2_prod,1808741776842429,180874,146,2,2,2,0,2,143,0,1,1,1
v2_prod,1808741776869687,180874,219,2,5,5,0,5,213,0,1,0,1
v2_prod,1808741776959848,180874,151,2,4,4,0,4,146,0,1,0,1
v2_prod,1808751775132978,180875,152,2,16,16,0,16,135,0,1,0,1
v2_prod,1808751776300482,180875,317,2,3,3,0,3,313,0,1,1,1
v2_prod,1808751776748628,180875,247,4,4,4,0,4,242,0,1,1,1
v2_prod,1808751776780443,180875,235,1,2,2,0,2,232,0,1,0,0
v2_prod,1808751776932669,180875,237,3,6,6,0,6,230,0,1,1,1
v2_prod,1808751776963766,180875,205,2,5,5,0,5,199,0,1,0,2
v2_prod,1808771775072109,180877,120,2,7,7,0,7,112,0,1,0,1
v2_prod,1808771775103528,180877,126,2,7,7,0,7,118,0,1,1,1
v2_prod,1808771775153637,180877,160,3,7,6,1,6,152,0,1,2,1
v2_prod,1808771775195745,180877,132,2,5,5,0,5,126,0,1,1,1
v2_prod,1808771775234293,180877,146,2,9,9,0,9,136,0,1,1,1
v2_prod,1808781775175012,180878,129,2,20,20,0,20,108,0,1,1,1
v2_prod,1808781775199502,180878,132,2,14,14,0,14,117,0,1,1,2
v2_prod,1808781775328672,180878,72,1,8,8,0,8,63,0,1,0,0
v2_prod,1808781776291405,180878,173,1,1,1,0,1,171,0,1,0,0
v2_prod,1808781776313205,180878,165,1,1,1,0,1,163,0,1,0,0
v2_prod,1808781776382064,180878,204,2,4,4,0,4,199,0,1,0,1
v2_prod,1808801775053266,180880,97,3,17,17,0,17,79,0,1,0,2
v2_prod,1808801775077476,180880,120,3,10,10,0,10,109,0,1,1,1
v2_prod,1808801775184559,180880,122,3,10,9,1,9,111,0,1,0,2
v2_prod,1808801775227265,180880,75,2,6,6,0,6,68,0,1,0,1
v2_prod,1808801776319729,180880,237,2,7,7,0,7,229,0,1,0,0
v2_prod,1808801776356704,180880,201,2,5,5,0,5,195,0,1,0,0
v2_prod,1808801776936687,180880,256,2,5,5,0,5,250,0,1,0,0
v2_prod,1808861775051129,180886,58,2,8,8,0,8,49,0,1,1,1
v2_prod,1808861775098837,180886,76,1,2,2,0,2,73,0,1,0,0
v2_prod,1808881775456854,180888,88,2,2,2,0,2,85,0,1,1,1
v2_prod,1808881776328461,180888,330,2,4,4,0,4,325,0,1,1,1
v2_prod,1808881776387041,180888,348,2,2,2,0,2,345,0,1,1,1
v2_prod,1808931775256993,180893,194,1,2,2,0,2,191,0,1,0,0
v2_prod,1808931776299317,180893,198,1,0,0,0,0,197,0,1,0,0
v2_prod,1808931776355927,180893,209,1,0,0,0,0,208,0,1,0,0
v2_prod,1808931776385238,180893,214,1,0,0,0,0,213,0,1,0,0
v2_prod,1809001775218940,180900,163,2,9,9,0,9,153,0,1,0,1
v2_prod,1809001775245550,180900,116,3,9,9,0,9,106,0,1,0,2
v2_prod,1820971775041267,182097,85,2,2,2,0,2,82,0,1,0,2
v2_prod,1820971775064128,182097,71,2,6,6,0,6,64,0,1,1,1
v2_prod,1820971775110886,182097,46,1,0,0,0,0,45,0,1,0,0
v2_prod,1820971776472290,182097,171,1,4,4,0,4,166,0,1,0,0
v2_prod,1820981775066857,182098,110,2,7,7,0,7,102,0,1,0,1
v2_prod,1820981775098519,182098,99,3,10,10,0,10,88,0,1,1,1
v2_prod,1820981775155332,182098,79,3,9,9,0,9,69,0,1,1,1
v2_prod,1821001775113652,182100,44,3,2,2,0,2,41,0,1,1,1
v2_prod,1821001776406320,182100,290,1,1,1,0,1,288,0,1,0,0
v2_prod,1821001776447325,182100,102,1,0,0,0,0,101,0,1,0,0
v2_prod,1821001776462899,182100,185,1,1,1,0,1,183,0,1,0,0
v2_prod,1821041775005781,182104,52,2,5,5,0,5,46,0,1,0,2
v2_prod,1821041775078128,182104,45,1,5,5,0,5,39,0,1,0,0
v2_prod,1821041776377495,182104,85,2,12,12,0,12,72,0,1,0,1
v2_prod,1821041776911934,182104,196,1,0,0,0,0,195,0,1,0,0
v2_prod,1821061775370598,182106,60,3,2,2,0,2,57,0,1,2,1
v2_prod,1821061776287322,182106,122,2,1,1,0,1,120,0,1,0,1
v2_prod,1821061776304500,182106,113,1,0,0,0,0,112,0,1,0,0
v2_prod,1821061776377518,182106,295,2,4,4,0,4,290,0,1,1,1
v2_prod,1821061776443789,182106,223,1,2,2,0,2,220,0,1,0,0
v2_prod,1821081775142980,182108,242,1,7,7,0,7,234,0,1,0,0
v2_prod,1821081775239903,182108,45,1,1,1,0,1,43,0,1,0,0
v2_prod,1821081776403527,182108,77,1,1,1,0,1,75,0,1,0,0
v2_prod,1821091776402694,182109,180,2,3,3,0,3,176,0,1,0,1
v2_prod,1821091776444340,182109,191,2,12,12,0,12,178,0,1,1,1
v2_prod,1821091776497865,182109,196,2,6,6,0,6,189,0,1,1,1
v2_prod,1821101775092178,182110,107,3,3,3,0,3,103,0,1,2,1
v2_prod,1821101775133165,182110,91,2,6,5,1,5,84,0,1,0,2
v2_prod,1821101775164848,182110,89,1,2,2,0,2,86,0,1,0,0
v2_prod,1821111775265238,182111,87,1,0,0,0,0,86,0,1,0,0
v2_prod,1821111776473976,182111,196,1,0,0,0,0,195,0,1,0,0
v2_prod,1821111776498709,182111,172,1,0,0,0,0,171,0,1,0,0
v2_prod,1821111776556336,182111,259,1,1,1,0,1,257,0,1,0,0
v2_prod,1821141775453183,182114,147,4,9,9,0,9,137,0,1,1,1
v2_prod,1821141776895300,182114,156,2,2,2,0,2,153,0,1,1,1
v2_prod,1821171775078308,182117,100,2,11,9,2,9,88,0,1,0,1
v2_prod,1821171775138762,182117,156,3,15,15,0,15,140,0,1,1,2
v2_prod,1821171775184522,182117,111,3,3,3,0,3,107,0,1,1,1
v2_prod,1821171776303903,182117,244,2,1,1,0,1,242,0,1,0,1
v2_prod,1821171776580957,182117,171,1,2,2,0,2,168,0,1,0,0
v2_prod,1821171776617502,182117,157,1,4,4,0,4,152,0,1,0,0
v2_prod,1821211775101571,182121,113,2,1,1,0,1,111,0,1,1,1
v2_prod,1821211775141791,182121,101,2,3,3,0,3,97,0,1,1,1
v2_prod,1821211775164687,182121,61,2,2,2,0,2,58,0,1,0,1
v2_prod,1821211776349743,182121,162,1,1,1,0,1,160,0,1,0,0
v2_prod,1821211776365443,182121,106,2,2,2,0,2,103,0,1,1,1
v2_prod,1821221775144788,182122,64,2,2,2,0,2,61,0,1,1,1
v2_prod,1821221775166354,182122,88,2,3,3,0,3,84,0,1,1,1
v2_prod,1821221776430126,182122,96,1,2,2,0,2,93,0,1,0,0
v2_prod,1821221776505192,182122,111,1,2,2,0,2,108,0,1,0,0
v2_prod,1821231775067465,182123,48,2,8,8,0,8,39,0,1,1,1
v2_prod,1821231775089655,182123,58,2,16,15,1,15,41,0,1,0,1
v2_prod,1821231776528354,182123,81,2,13,13,0,13,67,0,1,0,1
v2_prod,1821231776553871,182123,88,3,9,8,1,8,78,0,1,0,1
v2_prod,1823901775027682,182390,134,2,5,5,0,5,128,0,1,1,0
v2_prod,1823901775072439,182390,62,2,4,4,0,4,57,0,1,1,1
v2_prod,1823901775091424,182390,55,1,3,3,0,3,51,0,1,0,0
v2_prod,1823901776450046,182390,126,2,11,11,0,11,114,0,1,0,0
v2_prod,1823901776522042,182390,204,1,6,6,0,6,197,0,1,0,0
v2_prod,1829581775054821,182958,96,2,9,9,0,9,86,0,1,1,1
v2_prod,1829581775081090,182958,81,4,6,5,1,5,74,0,1,2,2
v2_prod,1829581775119710,182958,130,3,13,13,0,13,116,0,1,1,1
v2_prod,1829581776295174,182958,100,1,2,2,0,2,97,0,1,0,0
v2_prod,1829581776312635,182958,229,1,3,3,0,3,225,0,1,0,0
v2_prod,1829581776385870,182958,175,2,1,1,0,1,173,0,1,1,1
v2_prod,1829621775037227,182962,129,2,8,8,0,8,120,0,1,1,1
v2_prod,1829621775181740,182962,273,3,8,8,0,8,264,0,1,0,1
v2_prod,1829631775076867,182963,142,1,2,2,0,2,139,0,1,0,0
v2_prod,1829631775127703,182963,144,1,1,1,0,1,142,0,1,0,0
v2_prod,1829631776296260,182963,170,1,0,0,0,0,169,0,1,0,0
v2_prod,1829631776314394,182963,142,1,0,0,0,0,141,0,1,0,0
v2_prod,1829631776378425,182963,178,1,1,1,0,1,176,0,1,0,0
v2_prod,1829631776921471,182963,270,2,1,1,0,1,268,0,1,0,2
v2_prod,1829661775011192,182966,111,1,5,5,0,5,105,0,1,0,0
v2_prod,1829661775100421,182966,90,1,5,5,0,5,84,0,1,0,0
v2_prod,1829661776460120,182966,121,3,7,7,0,7,113,0,1,1,1
v2_prod,1829671775296718,182967,142,3,5,5,0,5,136,0,1,0,1
v2_prod,1829671776299266,182967,112,3,5,5,0,5,106,0,1,2,1
v2_prod,1829671776456532,182967,263,2,4,4,0,4,258,0,1,0,1
v2_prod,1829671776908726,182967,175,1,1,1,0,1,173,0,1,0,0
v2_prod,1829671776951039,182967,68,1,2,2,0,2,65,0,1,0,0
v2_prod,1829681775005592,182968,94,2,3,3,0,3,90,0,1,1,1
v2_prod,1829681775023112,182968,86,1,4,4,0,4,81,0,1,0,0
v2_prod,1829681775045981,182968,95,2,8,8,0,8,86,0,1,1,1
v2_prod,1829681775068201,182968,83,2,4,4,0,4,78,0,1,1,1
v2_prod,1829681775109517,182968,102,2,2,2,0,2,99,0,1,1,1
v2_prod,1829681776374253,182968,152,1,3,3,0,3,148,0,1,0,0
v2_prod,1829681776393781,182968,181,1,2,2,0,2,178,0,1,0,0
v2_prod,1829681776471620,182968,224,1,2,2,0,2,221,0,1,0,0
v2_prod,1829681776926859,182968,208,1,2,2,0,2,205,0,1,0,0
v2_prod,1829701775063483,182970,51,2,1,1,0,1,49,0,1,1,1
v2_prod,1829701775078716,182970,161,2,14,14,0,14,146,0,1,1,1
v2_prod,1829701776301351,182970,294,1,3,3,0,3,290,0,1,0,0
v2_prod,1829701776560830,182970,180,2,2,2,0,2,177,0,1,1,1
v2_prod,1829711775007993,182971,97,1,1,1,0,1,95,0,1,0,0
v2_prod,1829711775062668,182971,79,1,6,6,0,6,72,0,1,0,0
v2_prod,1829711775091952,182971,83,2,5,5,0,5,77,0,1,1,1
v2_prod,1829711776381641,182971,104,3,3,3,0,3,100,0,1,1,1
v2_prod,1833701775087489,183370,107,1,2,2,0,2,104,0,1,0,0
v2_prod,1833701776322922,183370,219,2,15,14,1,14,203,0,1,0,1
v2_prod,1833701776368100,183370,80,3,7,7,0,7,72,0,1,1,1
v2_prod,1833701776385283,183370,121,1,1,1,0,1,119,0,1,0,0
v2_prod,1833701776916791,183370,95,2,8,8,0,8,86,0,1,0,1
v2_prod,1833741775113921,183374,152,2,7,7,0,7,144,0,1,0,1
v2_prod,1833741775162145,183374,189,3,7,7,0,7,181,0,1,2,1
v2_prod,1833741776391569,183374,243,2,7,7,0,7,235,0,1,1,1
v2_prod,1833741776436137,183374,224,3,3,3,0,3,220,0,1,0,1
v2_prod,1833741776482915,183374,295,3,4,4,0,4,290,0,1,1,1
v2_prod,1833821775007413,183382,150,3,11,10,1,10,138,0,1,0,1
v2_prod,1833821775136919,183382,58,1,5,5,0,5,52,0,1,0,0
v2_prod,1833821775157343,183382,59,1,1,1,0,1,57,0,1,0,0
v2_prod,1833821776289503,183382,35,1,1,1,0,1,33,0,1,0,0
v2_prod,1833821776378198,183382,80,2,5,5,0,5,74,0,1,0,1
v2_prod,1847001775092025,184700,100,2,6,6,0,6,93,0,1,1,1
v2_prod,1847001775155087,184700,119,1,2,2,0,2,116,0,1,0,0
v2_prod,1847001776293430,184700,302,2,2,2,0,2,299,0,1,1,1
v2_prod,1847001776359257,184700,304,2,5,5,0,5,298,0,1,0,1
v2_prod,1847001776478976,184700,275,2,1,1,0,1,273,0,1,0,2
v2_prod,1847001776915092,184700,54,2,2,2,0,2,51,0,1,1,1
v2_prod,1847001776953102,184700,40,2,2,2,0,2,37,0,1,1,1
v2_prod,1848281776289801,184828,171,2,4,4,0,4,166,0,1,1,1
v2_prod,1848281776441854,184828,244,2,3,3,0,3,240,0,1,0,1
v2_prod,1848281776467555,184828,218,1,2,2,0,2,215,0,1,0,0
v2_prod,1848301776450704,184830,220,1,0,0,0,0,219,0,1,0,0
v2_prod,1848301776475553,184830,204,2,4,4,0,4,199,0,1,0,1
v2_prod,1848311775093984,184831,113,2,2,2,0,2,110,0,1,1,1
v2_prod,1848311775170666,184831,51,2,2,2,0,2,48,0,1,1,1
v2_prod,1848311776444757,184831,333,2,1,1,0,1,331,0,1,0,1
v2_prod,1848311776486229,184831,236,2,4,4,0,4,231,0,1,1,1
v2_prod,1848311776537365,184831,106,1,1,1,0,1,104,0,1,0,0
v2_prod,1848401775081518,184840,90,2,3,3,0,3,86,0,1,0,1
v2_prod,1848401775127722,184840,98,2,6,6,0,6,91,0,1,0,1
v2_prod,1848401776318558,184840,312,1,2,2,0,2,309,0,1,0,0
v2_prod,1848401776375047,184840,100,2,2,2,0,2,97,0,1,1,1
v2_prod,1848401776387287,184840,142,1,1,1,0,1,140,0,1,0,0
v2_prod,1848421775056295,184842,89,2,3,3,0,3,85,0,1,1,1
v2_prod,1848421775142501,184842,111,3,16,16,0,16,94,0,1,1,2
v2_prod,1848421776311477,184842,146,3,6,6,0,6,139,0,1,1,2
v2_prod,1848421776362187,184842,45,4,7,7,0,7,37,0,1,1,1
v2_prod,1848431775327468,184843,82,1,9,9,0,9,72,0,1,0,0
v2_prod,1848431776285949,184843,55,1,2,2,0,2,52,0,1,0,0
v2_prod,1848431776316086,184843,191,2,4,4,0,4,186,0,1,1,1
v2_prod,1848431776348522,184843,124,1,18,18,0,18,105,0,1,0,0
v2_prod,1848431776388101,184843,163,2,6,6,0,6,156,0,1,0,1
v2_prod,1849491775196357,184949,93,3,6,6,0,6,86,0,1,1,1
v2_prod,1849491776290478,184949,246,1,1,1,0,1,244,0,1,0,0
v2_prod,1849491776348347,184949,275,3,10,9,1,9,264,0,1,0,1
v2_prod,1849491776380846,184949,256,2,5,5,0,5,250,0,1,0,1
v2_prod,1849491776427546,184949,278,2,5,5,0,5,272,0,1,1,1
v2_prod,1849501775138844,184950,135,2,3,3,0,3,131,0,1,0,1
v2_prod,1849501775173015,184950,138,2,2,2,0,2,135,0,1,1,1
v2_prod,1849501775222144,184950,109,2,9,9,0,9,99,0,1,0,1
v2_prod,1849501776325937,184950,109,1,3,3,0,3,105,0,1,0,0
v2_prod,1849501776351238,184950,107,5,8,8,0,8,98,0,1,3,1
v2_prod,1849501776958518,184950,101,2,9,9,0,9,91,0,1,0,1
v2_prod,1852761775042780,185276,68,2,7,7,0,7,60,0,1,0,1
v2_prod,1852761775245934,185276,76,1,3,3,0,3,72,0,1,0,0
v2_prod,1852761776296553,185276,185,2,3,3,0,3,181,0,1,1,1
v2_prod,1852761776663773,185276,87,2,2,2,0,2,84,0,1,0,1
v2_prod,1852761776692357,185276,73,1,3,3,0,3,69,0,1,0,0
v2_prod,1866411775023282,186641,80,1,3,3,0,3,76,0,1,0,0
v2_prod,1866411775379866,186641,82,1,7,7,0,7,74,0,1,0,0
v2_prod,1866411775417464,186641,62,1,2,2,0,2,59,0,1,0,0
v2_prod,1866411775440431,186641,136,3,4,4,0,4,131,0,1,0,2
v2_prod,1866411775610332,186641,107,1,1,1,0,1,105,0,1,0,0
v2_prod,1866471775146080,186647,143,2,14,14,0,14,128,0,1,0,1
v2_prod,1866471775221895,186647,148,2,16,16,0,16,131,0,1,0,1
v2_prod,1866471775409751,186647,75,2,10,9,1,9,64,0,1,0,2
v2_prod,1866471776284137,186647,136,2,7,7,0,7,128,0,1,0,1
v2_prod,1866471776303123,186647,150,1,2,2,0,2,147,0,1,0,0
v2_prod,1866471776546667,186647,76,2,1,1,0,1,74,0,1,0,1
v2_prod,1866491775034556,186649,116,2,9,9,0,9,106,0,1,0,1
v2_prod,1866491775073311,186649,63,2,3,3,0,3,59,0,1,1,1
v2_prod,1866491775117837,186649,87,2,3,3,0,3,83,0,1,1,1
v2_prod,1866501775130174,186650,287,2,6,6,0,6,280,0,1,1,1
v2_prod,1866501775173371,186650,257,3,14,14,0,14,242,0,1,0,1
v2_prod,1866501776290564,186650,288,2,7,6,1,6,280,0,1,0,1
v2_prod,1866501776327650,186650,314,3,7,7,0,7,306,0,1,0,1
v2_prod,1866501776382930,186650,322,2,5,5,0,5,316,0,1,0,1
v2_prod,1866501776418069,186650,316,2,10,10,0,10,305,0,1,0,1
v2_prod,1866531775078713,186653,54,1,6,6,0,6,47,0,1,0,0
v2_prod,1866531775123683,186653,123,2,15,15,0,15,107,0,1,0,1
v2_prod,1866531776291130,186653,244,3,10,9,1,9,233,0,1,1,2
v2_prod,1866531776371445,186653,88,3,4,4,0,4,83,0,1,0,1
v2_prod,1866531776421295,186653,221,2,6,6,0,6,214,0,1,1,1
v2_prod,1866531776513285,186653,84,3,4,4,0,4,79,0,1,2,1
v2_prod,1866541775071553,186654,140,2,8,6,2,6,131,0,1,1,1
v2_prod,1866541775094328,186654,262,2,3,3,0,3,258,0,1,0,2
v2_prod,1866541775532693,186654,155,2,2,2,0,2,152,0,1,1,1
v2_prod,1866561775326013,186656,75,2,3,3,0,3,71,0,1,0,2
v2_prod,1866601775146920,186660,397,2,5,5,0,5,391,0,1,1,1
v2_prod,1866601775188642,186660,322,1,0,0,0,0,321,0,1,0,0
v2_prod,1866601776657089,186660,268,2,4,4,0,4,263,0,1,0,0
v2_prod,1866601776711483,186660,158,2,5,5,0,5,152,0,1,0,1
v2_prod,1866611775027769,186661,68,2,1,1,0,1,66,0,1,1,1
v2_prod,1866611775060331,186661,64,2,6,5,1,5,57,0,1,1,1
v2_prod,1866611775119512,186661,118,4,12,12,0,12,105,0,1,1,2
v2_prod,1866621775112847,186662,110,3,15,15,0,15,94,0,1,1,1
v2_prod,1866621775201383,186662,91,2,5,5,0,5,85,0,1,0,1
v2_prod,1866621776423250,186662,252,3,10,9,1,9,241,0,1,1,1
v2_prod,1866621776500237,186662,230,2,10,10,0,10,219,0,1,0,1
v2_prod,1866631775164148,186663,149,2,4,4,0,4,144,0,1,1,1
v2_prod,1866631776433951,186663,146,1,1,1,0,1,144,0,1,0,0
v2_prod,1866631776463470,186663,140,1,1,1,0,1,138,0,1,0,0
v2_prod,1866631776539548,186663,228,1,2,2,0,2,225,0,1,0,0
v2_prod,1866651776294978,186665,106,2,1,1,0,1,104,0,1,0,2
v2_prod,1866651776307639,186665,81,2,1,1,0,1,79,0,1,0,1
v2_prod,1866661775098621,186666,80,2,4,4,0,4,75,0,1,1,1
v2_prod,1866661775141683,186666,81,2,4,4,0,4,76,0,1,1,1
v2_prod,1866661775168152,186666,148,4,8,8,0,8,139,0,1,1,2
v2_prod,1866661776292944,186666,188,2,4,4,0,4,183,0,1,1,1
v2_prod,1866661776324630,186666,212,1,1,1,0,1,210,0,1,0,0
v2_prod,1866661776389930,186666,306,2,5,5,0,5,300,0,1,0,1
v2_prod,1866661776451777,186666,191,2,9,9,0,9,181,0,1,0,1
v2_prod,1866681775287047,186668,47,2,6,5,1,5,40,0,1,1,1
v2_prod,1866681775314197,186668,49,1,0,0,0,0,48,0,1,0,0
v2_prod,1866681775327500,186668,92,1,5,5,0,5,86,0,1,0,0
v2_prod,1866701776304726,186670,145,1,1,1,0,1,143,0,1,0,0
v2_prod,1866701776333527,186670,120,1,0,0,0,0,119,0,1,0,0
v2_prod,1866731775035702,186673,115,3,15,13,2,13,99,0,1,1,1
v2_prod,1866731775062832,186673,84,2,12,11,1,11,71,0,1,0,1
v2_prod,1866731775097484,186673,109,2,18,17,1,17,90,0,1,0,1
v2_prod,1866741775041537,186674,83,2,7,7,0,7,75,0,1,1,1
v2_prod,1866741775092370,186674,145,2,3,3,0,3,141,0,1,0,1
v2_prod,1866741775158075,186674,52,1,4,4,0,4,47,0,1,0,0
v2_prod,1866791775085841,186679,105,2,4,4,0,4,100,0,1,1,1
v2_prod,1866791776306926,186679,204,1,2,2,0,2,201,0,1,0,0
v2_prod,1866791776370576,186679,182,1,3,3,0,3,178,0,1,0,0
v2_prod,1866791776933545,186679,145,2,2,2,0,2,142,0,1,1,1
v2_prod,1866791776958655,186679,154,1,1,1,0,1,152,0,1,0,0
v2_prod,1866851775062800,186685,56,2,5,5,0,5,50,0,1,0,1
v2_prod,1866851775164551,186685,99,3,6,6,0,6,92,0,1,2,1
v2_prod,1866861775076981,186686,103,1,6,6,0,6,96,0,1,0,0
v2_prod,1866861775119791,186686,59,2,2,2,0,2,56,0,1,0,1
v2_prod,1866871775086893,186687,63,1,0,0,0,0,62,0,1,0,0
v2_prod,1866871775240158,186687,77,2,3,3,0,3,73,0,1,1,1
v2_prod,1866871776286820,186687,232,2,2,2,0,2,229,0,1,0,1
v2_prod,1866871776332352,186687,87,1,2,2,0,2,84,0,1,0,0
v2_prod,1866871776396957,186687,87,1,0,0,0,0,86,0,1,0,0
v2_prod,1866881775144918,186688,122,2,3,3,0,3,118,0,1,0,2
v2_prod,1866881776291215,186688,230,1,1,1,0,1,228,0,1,0,0
v2_prod,1866881776315349,186688,165,2,3,3,0,3,161,0,1,0,1
v2_prod,1866881776352165,186688,332,2,6,6,0,6,325,0,1,1,1
v2_prod,1866881776390715,186688,319,4,8,8,0,8,310,0,1,1,1
v2_prod,1866921776353433,186692,278,3,11,10,1,10,266,0,1,1,1
v2_prod,1866921776780435,186692,287,2,4,4,0,4,282,0,1,0,1
v2_prod,1866971775047635,186697,187,2,7,7,0,7,179,0,1,0,1
v2_prod,1866971775086585,186697,296,2,3,3,0,3,292,0,1,1,1
v2_prod,1866971775237682,186697,364,2,4,4,0,4,359,0,1,0,1
v2_prod,1866991775030159,186699,40,2,7,7,0,7,32,0,1,0,1
v2_prod,1866991775055199,186699,63,2,2,2,0,2,60,0,1,0,1
v2_prod,1866991775148618,186699,324,1,1,1,0,1,322,0,1,0,0
v2_prod,1866991776298802,186699,286,3,9,9,0,9,276,0,1,2,1
v2_prod,1866991776355887,186699,232,3,9,9,0,9,222,0,1,1,1
v2_prod,1867051775093888,186705,50,2,1,1,0,1,48,0,1,0,1
v2_prod,1867051775128760,186705,45,2,3,3,0,3,41,0,1,1,1
v2_prod,1867051776354899,186705,159,2,2,2,0,2,156,0,1,1,1
v2_prod,1867051776381165,186705,135,2,1,1,0,1,133,0,1,0,1
v2_prod,1867051776395819,186705,104,2,6,6,0,6,97,0,1,1,1
v2_prod,1867051776943134,186705,141,4,7,7,0,7,133,0,1,1,2
v2_prod,1867051776959604,186705,129,1,0,0,0,0,128,0,1,0,0
v2_prod,1867121775058989,186712,46,2,5,5,0,5,40,0,1,1,1
v2_prod,1867131775106125,186713,328,2,5,5,0,5,322,0,1,0,1
v2_prod,1867131776405754,186713,246,3,16,16,0,16,229,0,1,0,2
v2_prod,1867131776712300,186713,50,2,5,5,0,5,44,0,1,1,0
v2_prod,1867151775185070,186715,113,4,29,29,0,29,83,0,1,2,2
v2_prod,1867151775274275,186715,99,2,16,16,0,16,82,0,1,0,1
v2_prod,1867151775308350,186715,67,2,14,14,0,14,52,0,1,1,1
v2_prod,1867151776292657,186715,101,1,0,0,0,0,100,0,1,0,0
v2_prod,1867151776307537,186715,158,2,4,4,0,4,153,0,1,1,1
v2_prod,1867151776377491,186715,115,1,1,1,0,1,113,0,1,0,0
v2_prod,1867151776401521,186715,140,2,5,5,0,5,134,0,1,0,1
v2_prod,1867171775062245,186717,49,1,1,1,0,1,47,0,1,0,0
v2_prod,1867171775091365,186717,39,1,0,0,0,0,38,0,1,0,0
v2_prod,1867171775176184,186717,107,2,13,13,0,13,93,0,1,1,1
v2_prod,1867201775180470,186720,97,2,5,5,0,5,91,0,1,0,1
v2_prod,1867201775293591,186720,108,2,3,3,0,3,104,0,1,0,2
v2_prod,1867201776313400,186720,156,2,2,2,0,2,153,0,1,0,2
v2_prod,1867201776331790,186720,301,3,5,5,0,5,295,0,1,0,1
v2_prod,1867201776957935,186720,143,1,3,3,0,3,139,0,1,0,0
v2_prod,1867221776287201,186722,118,1,2,2,0,2,115,0,1,0,0
v2_prod,1867221776304031,186722,185,1,3,3,0,3,181,0,1,0,0
v2_prod,1867221776329148,186722,148,2,2,2,0,2,145,0,1,1,1
v2_prod,1867331776356148,186733,270,1,2,2,0,2,267,0,1,0,0
v2_prod,1867331776398653,186733,255,1,6,5,1,5,248,0,1,0,0
v2_prod,1867391775208367,186739,98,3,8,8,0,8,89,0,1,1,2
v2_prod,1867391775235817,186739,79,1,5,5,0,5,73,0,1,0,0
v2_prod,1867391776295243,186739,190,2,2,2,0,2,187,0,1,0,1
v2_prod,1867391776320623,186739,218,2,5,5,0,5,212,0,1,0,1
v2_prod,1867421775047983,186742,96,3,9,9,0,9,86,0,1,1,1
v2_prod,1867421775069568,186742,81,2,7,6,1,6,73,0,1,1,1
v2_prod,1867421775112999,186742,68,2,4,4,0,4,63,0,1,1,1
v2_prod,1867461775421243,186746,126,2,25,23,2,23,100,0,1,0,1
v2_prod,1867461776293403,186746,109,2,5,5,0,5,103,0,1,0,1
v2_prod,1867461776393529,186746,313,3,10,10,0,10,302,0,1,0,1
v2_prod,1867461776487856,186746,269,2,7,6,1,6,261,0,1,0,1
v2_prod,1867471775256465,186747,54,2,3,3,0,3,50,0,1,1,1
v2_prod,1867501775065136,186750,64,1,0,0,0,0,63,0,1,0,0
v2_prod,1867501775095743,186750,59,1,0,0,0,0,58,0,1,0,0
v2_prod,1867511775162824,186751,54,2,1,1,0,1,52,0,1,1,1
v2_prod,1867511775196304,186751,78,2,6,6,0,6,71,0,1,1,1
v2_prod,1867511776385060,186751,192,4,6,6,0,6,185,0,1,0,1
v2_prod,1867511776524656,186751,185,2,10,10,0,10,174,0,1,0,1
v2_prod,1867531776567943,186753,79,2,8,8,0,8,70,0,1,1,1
v2_prod,1867541776296278,186754,112,1,1,1,0,1,110,0,1,0,0
v2_prod,1867571776417406,186757,149,2,1,1,0,1,147,0,1,1,1
v2_prod,1867571776441118,186757,108,1,3,3,0,3,104,0,1,0,0
v2_prod,1867571776459361,186757,89,1,2,2,0,2,86,0,1,0,0
v2_prod,1887721775047847,188772,87,2,8,8,0,8,78,0,1,1,1
v2_prod,1887721776326363,188772,279,3,7,7,0,7,271,0,1,1,1
v2_prod,1887721776615477,188772,227,2,3,3,0,3,223,0,1,1,1
v2_prod,1888031775100387,188803,38,2,8,8,0,8,29,0,1,1,1
v2_prod,1888031775134437,188803,35,1,6,6,0,6,28,0,1,0,0
v2_prod,1888031775154007,188803,78,2,7,7,0,7,70,0,1,0,1
v2_prod,1888031775512745,188803,28,2,4,4,0,4,23,0,1,1,1
v2_prod,1888041775054341,188804,102,2,11,11,0,11,90,0,1,1,1
v2_prod,1888041776316680,188804,163,2,1,1,0,1,161,0,1,0,0
v2_prod,1888041776367331,188804,191,1,1,1,0,1,189,0,1,0,0
v2_prod,1888041776400301,188804,150,2,2,2,0,2,147,0,1,1,1
v2_prod,1888091775071940,188809,232,3,6,6,0,6,225,0,1,0,1
v2_prod,1888091775110927,188809,321,3,13,12,1,12,307,0,1,0,1
v2_prod,1888091775176979,188809,289,2,3,3,0,3,285,0,1,1,1
v2_prod,1985391775231519,198539,75,2,4,4,0,4,70,0,1,1,1
v2_prod,1985391776354259,198539,188,1,2,2,0,2,185,0,1,0,0
v2_prod,1985391776400059,198539,110,1,2,2,0,2,107,0,1,0,0
v2_prod,1990551775238429,199055,145,2,4,4,0,4,140,0,1,1,1
v2_prod,1990551775281271,199055,94,1,2,2,0,2,91,0,1,0,0
v2_prod,1990551775415756,199055,140,2,11,9,2,9,128,0,1,0,1
v2_prod,1990551776323071,199055,208,2,7,7,0,7,200,0,1,0,1
v2_prod,1990551776389549,199055,164,2,2,2,0,2,161,0,1,1,1
v2_prod,711141775096868,71114,64,2,2,0,2,0,61,0,1,1,1
v2_prod,711141775187195,71114,44,2,3,3,0,3,40,0,1,1,1
v2_prod,711291776361979,71129,82,2,7,7,0,7,74,0,1,0,1
v2_prod,711291776448772,71129,88,2,4,4,0,4,83,0,1,1,1
v2_prod,711331775052409,71133,116,2,3,3,0,3,112,0,1,1,1
v2_prod,711331775079249,71133,111,2,5,5,0,5,105,0,1,1,1
v2_prod,711331775099796,71133,154,3,12,12,0,12,141,0,1,0,1
v2_prod,711331776439176,71133,166,1,1,1,0,1,164,0,1,0,0
v2_prod,711601775089573,71160,58,2,4,4,0,4,53,0,1,0,2
v2_prod,711601775342768,71160,89,3,5,5,0,5,83,0,1,1,2
v2_prod,711681775065007,71168,97,2,10,9,1,9,86,0,1,0,1
v2_prod,711681775085427,71168,86,2,7,7,0,7,78,0,1,1,1
v2_prod,711681775130131,71168,50,3,8,8,0,8,41,0,1,1,1
v2_prod,711681775146451,71168,66,2,11,11,0,11,54,0,1,1,1
v2_prod,711681776360607,71168,165,1,2,2,0,2,162,0,1,0,0
v2_prod,711681776380077,71168,56,1,5,5,0,5,50,0,1,0,0
v2_prod,711781776748462,71178,40,1,2,2,0,2,37,0,1,0,0
v2_prod,711861775294902,71186,247,2,3,3,0,3,243,0,1,1,0
v2_prod,711861775341324,71186,224,1,4,4,0,4,219,0,1,0,0
v2_prod,711861776294178,71186,334,1,1,1,0,1,332,0,1,0,0
v2_prod,711861776322018,71186,246,2,3,3,0,3,242,0,1,1,1
v2_prod,711861776366938,71186,184,1,3,3,0,3,180,0,1,0,0
v2_prod,711901776439310,71190,328,2,3,3,0,3,324,0,1,1,1
v2_prod,711901776485730,71190,283,5,7,7,0,7,275,0,1,1,3
v2_prod,711971775139525,71197,130,2,2,2,0,2,127,0,1,0,1
v2_prod,711971775234669,71197,120,1,0,0,0,0,119,0,1,0,0
v2_prod,712061775469335,71206,89,2,1,1,0,1,87,0,1,1,1
v2_prod,712061776297110,71206,174,1,1,1,0,1,172,0,1,0,0
v2_prod,712061776320650,71206,163,2,2,2,0,2,160,0,1,1,1
v2_prod,712061776472953,71206,96,2,2,2,0,2,93,0,1,0,1
v2_prod,712061776937695,71206,77,1,0,0,0,0,76,0,1,0,0
v2_prod,712301776467959,71230,223,2,4,4,0,4,218,0,1,0,1
v2_prod,712521775197524,71252,87,2,11,10,1,10,75,0,1,0,1
v2_prod,712521775220724,71252,77,2,11,11,0,11,65,0,1,0,1
v2_prod,712521775267751,71252,70,3,19,19,0,19,50,0,1,1,1
v2_prod,712571775055448,71257,117,2,8,7,1,7,108,0,1,0,2
v2_prod,712571775098264,71257,49,2,4,4,0,4,44,0,1,1,1
v2_prod,712571775115509,71257,62,2,11,11,0,11,50,0,1,0,1
v2_prod,712571776934598,71257,297,3,5,3,2,3,291,0,1,1,2
v2_prod,712641776469659,71264,98,4,6,6,0,6,91,0,1,0,2
v2_prod,712661775263170,71266,71,2,3,3,0,3,67,0,1,1,1
v2_prod,712661775366997,71266,44,1,1,1,0,1,42,0,1,0,0
v2_prod,712661776304058,71266,274,2,2,2,0,2,271,0,1,1,1
v2_prod,712661776393467,71266,234,2,6,6,0,6,227,0,1,0,1
v2_prod,712671775294963,71267,65,3,8,8,0,8,56,0,1,0,1
v2_prod,713741775081500,71374,120,2,3,3,0,3,116,0,1,1,1
v2_prod,713741775099161,71374,111,1,0,0,0,0,110,0,1,0,0
v2_prod,713741775109941,71374,266,2,4,4,0,4,261,0,1,0,1
v2_prod,715661775104863,71566,100,2,3,3,0,3,96,0,1,1,1
v2_prod,715661775156715,71566,81,2,4,4,0,4,76,0,1,1,0
v2_prod,715661776496674,71566,256,2,10,10,0,10,245,0,1,0,1
v2_prod,715661776548509,71566,238,1,3,3,0,3,234,0,1,0,0
v2_prod,715721775157580,71572,240,2,6,6,0,6,233,0,1,0,1
v2_prod,715731775073362,71573,146,1,5,5,0,5,140,0,1,0,0
v2_prod,715731776550555,71573,150,2,3,3,0,3,146,0,1,1,1
v2_prod,715731776605947,71573,170,2,5,5,0,5,164,0,1,1,1
v2_prod,715731776644128,71573,258,2,2,2,0,2,255,0,1,0,1
v2_prod,715771776453131,71577,344,2,2,2,0,2,341,0,1,1,1
v2_prod,715771776525134,71577,267,1,2,2,0,2,264,0,1,0,0
v2_prod,715771776643720,71577,297,1,5,5,0,5,291,0,1,0,0
v2_prod,715861775157695,71586,43,2,3,1,2,1,39,0,1,1,1
v2_prod,716131775247100,71613,74,2,6,6,0,6,67,0,1,1,1
v2_prod,716131775294644,71613,59,2,6,6,0,6,52,0,1,1,1
v2_prod,716131776357095,71613,242,2,6,6,0,6,235,0,1,0,1
v2_prod,716131776384657,71613,229,2,4,4,0,4,224,0,1,0,2
v2_prod,716131776699492,71613,240,3,3,3,0,3,236,0,1,1,2
v2_prod,716141775805121,71614,41,1,6,6,0,6,34,0,1,0,0
v2_prod,716151775103393,71615,40,2,1,1,0,1,38,0,1,0,1
v2_prod,716151775124402,71615,65,2,4,4,0,4,60,0,1,1,1
v2_prod,716151775604826,71615,145,3,14,12,2,12,130,0,1,1,1
v2_prod,716151776455883,71615,76,1,0,0,0,0,75,0,1,0,0
v2_prod,716151776523235,71615,179,3,9,9,0,9,169,0,1,1,2
v2_prod,716151776951145,71615,168,1,4,4,0,4,163,0,1,0,0
v2_prod,716291775244775,71629,104,1,7,7,0,7,96,0,1,0,0
v2_prod,716291775508813,71629,67,1,8,8,0,8,58,0,1,0,0
v2_prod,716321776575527,71632,239,2,10,10,0,10,228,0,1,0,1
v2_prod,716321776629966,71632,174,2,6,6,0,6,167,0,1,1,1
v2_prod,716321776910884,71632,354,2,9,9,0,9,344,0,1,0,1
v2_prod,716411775554524,71641,101,3,14,14,0,14,86,0,1,1,1
v2_prod,716411776290555,71641,294,1,5,5,0,5,288,0,1,0,0
v2_prod,716411776402224,71641,303,2,5,5,0,5,297,0,1,0,1
v2_prod,716411776464865,71641,211,2,3,3,0,3,207,0,1,1,1
v2_prod,716411776552177,71641,277,2,4,4,0,4,272,0,1,0,1
v2_prod,716471776715326,71647,296,1,6,6,0,6,289,0,1,0,0
v2_prod,716491776325176,71649,182,3,4,4,0,4,177,0,1,0,1
v2_prod,716491776904420,71649,135,2,2,2,0,2,132,0,1,0,1
v2_prod,716491776919640,71649,203,2,8,8,0,8,194,0,1,0,1
v2_prod,716511775513134,71651,86,1,10,10,0,10,75,0,1,0,0
v2_prod,716511775531224,71651,130,2,16,16,0,16,113,0,1,0,1
v2_prod,716511776879567,71651,122,3,6,6,0,6,115,0,1,1,1
v2_prod,716561775127389,71656,21,1,1,1,0,1,19,0,1,0,0
v2_prod,716561775458958,71656,105,2,20,19,1,19,84,0,1,0,2
v2_prod,716561775756801,71656,23,1,1,1,0,1,21,0,1,0,0
v2_prod,716561775818933,71656,31,2,2,2,0,2,28,0,1,1,1
v2_prod,716561776294360,71656,46,2,2,2,0,2,43,0,1,1,1
v2_prod,716561776347592,71656,178,2,14,14,0,14,163,0,1,1,1
v2_prod,716651775027850,71665,50,1,0,0,0,0,49,0,1,0,0
v2_prod,716651775067080,71665,51,2,2,2,0,2,48,0,1,1,1
v2_prod,716651775081460,71665,91,2,3,3,0,3,87,0,1,0,2
v2_prod,716671775212935,71667,88,2,3,3,0,3,84,0,1,0,1
v2_prod,716671775240518,71667,62,3,8,5,3,5,53,0,1,1,1
v2_prod,716671775460854,71667,125,3,13,13,0,13,111,0,1,0,2
v2_prod,716671776351315,71667,272,3,9,9,0,9,262,0,1,0,1
v2_prod,716671776385519,71667,221,2,3,3,0,3,217,0,1,0,1
v2_prod,716681775216460,71668,73,4,9,9,0,9,63,0,1,1,2
v2_prod,716681775241231,71668,83,3,6,6,0,6,76,0,1,1,1
v2_prod,716681775305122,71668,74,2,6,6,0,6,67,0,1,1,1
v2_prod,716681776542382,71668,182,2,10,10,0,10,171,0,1,1,1
v2_prod,716681776618383,71668,170,2,6,6,0,6,163,0,1,0,1
v2_prod,716681776713758,71668,183,1,7,7,0,7,175,0,1,0,0
v2_prod,716721775048243,71672,97,5,14,14,0,14,82,0,1,2,2
v2_prod,716741775125491,71674,157,3,14,14,0,14,142,0,1,1,1
v2_prod,716741775357021,71674,125,3,2,2,0,2,122,0,1,0,1
v2_prod,716741775473091,71674,97,1,2,2,0,2,94,0,1,0,0
v2_prod,716761775049801,71676,108,2,8,5,3,5,99,0,1,0,1
v2_prod,716761775073925,71676,81,2,4,4,0,4,76,0,1,1,1
v2_prod,716761775114906,71676,53,1,5,5,0,5,47,0,1,0,0
v2_prod,716821775035356,71682,63,3,4,4,0,4,58,0,1,1,2
v2_prod,716821775101184,71682,66,3,5,5,0,5,60,0,1,0,2
v2_prod,716821775367857,71682,88,3,8,8,0,8,79,0,1,0,2
v2_prod,716931776299828,71693,79,2,4,4,0,4,74,0,1,0,1
v2_prod,716941776342794,71694,186,2,20,20,0,20,165,0,1,0,1
v2_prod,716941776414861,71694,172,2,11,11,0,11,160,0,1,1,1
v2_prod,716971775050171,71697,59,2,13,13,0,13,45,0,1,0,1
v2_prod,716971775198881,71697,50,1,3,3,0,3,46,0,1,0,0
v2_prod,716971775516335,71697,153,2,21,21,0,21,131,0,1,0,1
v2_prod,716971776440402,71697,191,3,8,8,0,8,182,0,1,2,2
v2_prod,717021775054869,71702,94,2,10,4,6,4,83,0,1,0,2
v2_prod,717021775128218,71702,76,2,8,8,0,8,67,0,1,0,1
v2_prod,717021775158260,71702,79,2,3,3,0,3,75,0,1,1,1
v2_prod,717041775076946,71704,134,2,5,5,0,5,128,0,1,0,1
v2_prod,717041775137618,71704,141,1,2,2,0,2,138,0,1,0,0
v2_prod,717041775224857,71704,140,1,0,0,0,0,139,0,1,0,0
v2_prod,717081775342196,71708,53,3,5,5,0,5,47,0,1,1,2
v2_prod,717081775440049,71708,44,2,8,8,0,8,35,0,1,0,1
v2_prod,717081775602306,71708,90,2,8,8,0,8,81,0,1,1,1
v2_prod,717111775209843,71711,83,2,7,7,0,7,75,0,1,1,0
v2_prod,717111775366551,71711,94,2,9,9,0,9,84,0,1,1,1
v2_prod,717111775477746,71711,65,2,13,13,0,13,51,0,1,0,1
v2_prod,717131775297221,71713,71,2,4,4,0,4,66,0,1,1,2
v2_prod,717151776566389,71715,96,2,2,2,0,2,93,0,1,1,1
v2_prod,717151776876232,71715,279,2,10,9,1,9,268,0,1,1,1
v2_prod,717151776919573,71715,417,2,7,5,2,5,409,0,1,1,1
v2_prod,966611776342728,96661,186,1,5,5,0,5,180,0,1,0,0
v2_prod,966611776414817,96661,192,2,14,14,0,14,177,0,1,0,1
v2_prod,966681775068431,96668,40,2,4,4,0,4,35,0,1,1,1
v2_prod,966681775121086,96668,74,3,8,8,0,8,65,0,1,1,1
v2_prod,966681776310324,96668,214,1,1,1,0,1,212,0,1,0,0
v2_prod,966681776350421,96668,184,2,4,4,0,4,179,0,1,0,1
v3_experimental,1052571775085688,105257,78,2,7,7,0,7,71,0,0,0,1
v3_experimental,1052571775111218,105257,63,2,6,6,0,6,57,0,0,1,1
v3_experimental,1052571775126558,105257,41,1,0,0,0,0,41,0,0,0,0
v3_experimental,1066141775007639,106614,61,2,7,7,0,7,54,0,0,1,0
v3_experimental,1066141775039867,106614,78,1,7,7,0,7,71,0,0,0,0
v3_experimental,1066141775063347,106614,95,1,4,4,0,4,91,0,0,0,0
v3_experimental,1066141775086247,106614,96,3,7,7,0,7,89,0,0,1,1
v3_experimental,1098631776522531,109863,404,3,8,8,0,8,396,0,0,0,1
v3_experimental,1098631776598420,109863,273,2,2,2,0,2,271,0,0,1,1
v3_experimental,1098641775019397,109864,45,2,5,5,0,5,40,0,0,1,1
v3_experimental,1098641775295715,109864,74,3,6,6,0,6,68,0,0,1,1
v3_experimental,1098641776957565,109864,177,1,11,11,0,11,166,0,0,0,0
v3_experimental,1211421775239255,121142,101,2,4,4,0,4,97,0,0,0,1
v3_experimental,1211421775449672,121142,108,2,1,1,0,1,107,0,0,1,1
v3_experimental,1211421776328950,121142,198,3,17,17,0,17,181,0,0,0,2
v3_experimental,1211501775020618,121150,56,1,2,2,0,2,54,0,0,0,0
v3_experimental,1211501775059709,121150,59,1,7,7,0,7,52,0,0,0,0
v3_experimental,1211501776318412,121150,136,3,6,6,0,6,130,0,0,1,2
v3_experimental,1213801776293169,121380,49,5,12,12,0,12,37,0,0,2,2
v3_experimental,1213801776938558,121380,379,4,21,20,1,20,358,0,0,1,1
v3_experimental,1213811775057001,121381,208,3,5,5,0,5,203,0,0,0,2
v3_experimental,1213851776315087,121385,234,1,6,6,0,6,228,0,0,0,0
v3_experimental,1213851776532188,121385,276,2,4,4,0,4,272,0,0,0,1
v3_experimental,1213851776961895,121385,211,2,7,7,0,7,204,0,0,0,1
v3_experimental,1213861775217469,121386,129,2,3,3,0,3,126,0,0,0,2
v3_experimental,1213861775244697,121386,111,2,3,3,0,3,108,0,0,0,1
v3_experimental,1213861776318760,121386,262,2,3,3,0,3,259,0,0,0,0
v3_experimental,1213861776375810,121386,171,2,8,8,0,8,163,0,0,0,1
v3_experimental,1213881776528952,121388,176,2,6,6,0,6,170,0,0,1,1
v3_experimental,1213891775060917,121389,101,1,0,0,0,0,101,0,0,0,0
v3_experimental,1213961776546764,121396,220,1,1,1,0,1,219,0,0,0,0
v3_experimental,1213961776695943,121396,108,2,6,6,0,6,102,0,0,1,1
v3_experimental,1213961776711893,121396,129,1,2,2,0,2,127,0,0,0,0
v3_experimental,1213991775115194,121399,219,1,0,0,0,0,219,0,0,0,0
v3_experimental,1214051776285875,121405,194,3,8,8,0,8,186,0,0,1,2
v3_experimental,1214051776313672,121405,74,2,4,4,0,4,70,0,0,1,1
v3_experimental,1214121775172145,121412,63,1,0,0,0,0,63,0,0,0,0
v3_experimental,1214121775505601,121412,135,2,5,5,0,5,130,0,0,1,1
v3_experimental,1214121776444601,121412,162,2,6,6,0,6,156,0,0,1,1
v3_experimental,1214161776369051,121416,476,3,11,11,0,11,465,0,0,0,1
v3_experimental,1214161776437327,121416,336,1,5,5,0,5,331,0,0,0,0
v3_experimental,1214161776646557,121416,198,2,9,9,0,9,189,0,0,0,2
v3_experimental,1214171775087559,121417,106,1,6,6,0,6,100,0,0,0,0
v3_experimental,1214171776505343,121417,282,2,4,4,0,4,278,0,0,1,1
v3_experimental,1214191776808863,121419,121,2,7,7,0,7,114,0,0,1,0
v3_experimental,1214211775145907,121421,188,3,5,5,0,5,183,0,0,1,1
v3_experimental,1214211775193348,121421,129,2,4,4,0,4,125,0,0,1,1
v3_experimental,1214301775622904,121430,200,3,15,14,1,14,185,0,0,0,2
v3_experimental,1214301776533469,121430,142,3,5,5,0,5,137,0,0,0,1
v3_experimental,1214341776300565,121434,144,2,2,2,0,2,142,0,0,1,1
v3_experimental,1214341776315510,121434,322,2,6,6,0,6,316,0,0,1,1
v3_experimental,1214341776422406,121434,171,4,4,4,0,4,167,0,0,2,1
v3_experimental,1214361775471743,121436,147,3,18,17,1,17,129,0,0,1,1
v3_experimental,1214401775047277,121440,58,2,7,7,0,7,51,0,0,1,1
v3_experimental,1214401775064153,121440,62,1,4,4,0,4,58,0,0,0,0
v3_experimental,1214401775103670,121440,137,2,14,14,0,14,123,0,0,0,1
v3_experimental,1214401776376502,121440,91,2,6,6,0,6,85,0,0,0,1
v3_experimental,1214401776429290,121440,89,1,6,6,0,6,83,0,0,0,0
v3_experimental,1214401776447928,121440,121,1,9,9,0,9,112,0,0,0,0
v3_experimental,1214401776908776,121440,80,4,11,9,2,9,69,0,0,1,2
v3_experimental,1214451776357406,121445,269,2,7,7,0,7,262,0,0,0,0
v3_experimental,1214451776412924,121445,201,2,11,6,5,6,190,0,0,0,1
v3_experimental,1218891776871579,121889,311,4,7,7,0,7,304,0,0,3,1
v3_experimental,1236121775057117,123612,145,2,6,6,0,6,139,0,0,1,1
v3_experimental,1236121775084375,123612,234,2,9,9,0,9,225,0,0,1,1
v3_experimental,1236121775751874,123612,118,1,5,5,0,5,113,0,0,0,0
v3_experimental,1236121775769714,123612,119,1,1,1,0,1,118,0,0,0,0
v3_experimental,1236121775830984,123612,131,2,5,5,0,5,126,0,0,1,1
v3_experimental,1236121776574767,123612,248,2,7,7,0,7,241,0,0,1,1
v3_experimental,1236131775007199,123613,65,1,2,2,0,2,63,0,0,0,0
v3_experimental,1236131775168872,123613,58,2,6,6,0,6,52,0,0,0,1
v3_experimental,1236131775183742,123613,104,2,2,2,0,2,102,0,0,1,1
v3_experimental,1236131775556075,123613,85,2,4,4,0,4,81,0,0,0,1
v3_experimental,1243861775149241,124386,152,2,8,8,0,8,144,0,0,0,1
v3_experimental,1243861775525324,124386,276,3,22,22,0,22,254,0,0,0,1
v3_experimental,1243861776340498,124386,267,3,4,4,0,4,263,0,0,1,1
v3_experimental,1243861776478564,124386,297,3,12,12,0,12,285,0,0,0,1
v3_experimental,1243861776560537,124386,322,5,14,14,0,14,308,0,0,1,2
v3_experimental,1245811775015664,124581,81,4,8,6,2,6,73,0,0,2,2
v3_experimental,1245811775086706,124581,125,2,16,15,1,15,109,0,0,1,0
v3_experimental,1245811776333528,124581,362,4,47,47,0,47,315,0,0,0,2
v3_experimental,1245811776605963,124581,192,3,23,23,0,23,169,0,0,2,1
v3_experimental,1245851776474907,124585,165,2,2,2,0,2,163,0,0,1,1
v3_experimental,1250351776461711,125035,301,3,9,9,0,9,292,0,0,1,1
v3_experimental,1250351776493066,125035,398,2,8,7,1,7,390,0,0,0,1
v3_experimental,1250361775098312,125036,83,2,1,1,0,1,82,0,0,1,2
v3_experimental,1250361775157420,125036,116,2,7,7,0,7,109,0,0,1,1
v3_experimental,1250361776335230,125036,219,2,5,5,0,5,214,0,0,0,1
v3_experimental,1256191775060406,125619,105,1,6,6,0,6,99,0,0,0,0
v3_experimental,1256191775338515,125619,77,2,5,5,0,5,72,0,0,1,1
v3_experimental,1256191776449149,125619,285,1,3,3,0,3,282,0,0,0,0
v3_experimental,1256191776478958,125619,279,3,5,5,0,5,274,0,0,1,2
v3_experimental,1256191776519659,125619,142,3,11,8,3,8,131,0,0,1,1
v3_experimental,1263951775102100,126395,93,4,14,14,0,14,79,0,0,1,1
v3_experimental,1263951775342723,126395,81,5,13,8,5,8,68,0,0,2,3
v3_experimental,1263951775406740,126395,59,2,5,4,1,4,54,0,0,1,0
v3_experimental,1263951776372708,126395,130,2,6,5,1,5,124,0,0,0,2
v3_experimental,1263951776395748,126395,189,3,16,16,0,16,173,0,0,1,2
v3_experimental,1264001775237348,126400,50,1,3,3,0,3,47,0,0,0,0
v3_experimental,1264001775329460,126400,53,2,5,5,0,5,48,0,0,1,1
v3_experimental,1264001776343000,126400,263,2,19,19,0,19,244,0,0,0,1
v3_experimental,1264001776536030,126400,152,1,6,6,0,6,146,0,0,0,0
v3_experimental,1264001776606637,126400,144,2,8,8,0,8,136,0,0,1,1
v3_experimental,1264091775090606,126409,131,3,10,9,1,9,121,0,0,0,2
v3_experimental,1264091775113066,126409,92,2,5,5,0,5,87,0,0,1,1
v3_experimental,1264281775006966,126428,67,1,1,1,0,1,66,0,0,0,0
v3_experimental,1264281775205639,126428,87,2,8,8,0,8,79,0,0,0,0
v3_experimental,1264281775309154,126428,86,3,10,10,0,10,76,0,0,1,2
v3_experimental,1264291775143352,126429,43,1,0,0,0,0,43,0,0,0,0
v3_experimental,1264291775172775,126429,65,2,9,9,0,9,56,0,0,1,0
v3_experimental,1264291775330721,126429,36,2,2,2,0,2,34,0,0,1,1
v3_experimental,1264291776337806,126429,486,4,29,29,0,29,457,0,0,0,1
v3_experimental,1264291776430246,126429,186,2,6,6,0,6,180,0,0,0,1
v3_experimental,1264291776458997,126429,204,2,23,20,3,20,181,0,0,0,1
v3_experimental,1264301775275364,126430,173,1,8,8,0,8,165,0,0,0,0
v3_experimental,1264301775372311,126430,170,3,7,7,0,7,163,0,0,1,0
v3_experimental,1264301776337759,126430,303,5,12,11,1,11,291,0,0,1,2
v3_experimental,1264301776387256,126430,212,1,0,0,0,0,212,0,0,0,0
v3_experimental,1264341775399858,126434,201,2,10,10,0,10,191,0,0,1,0
v3_experimental,1264341776448125,126434,434,2,12,12,0,12,422,0,0,1,1
v3_experimental,1264341776503271,126434,128,1,3,3,0,3,125,0,0,0,0
v3_experimental,1264341776544548,126434,100,2,6,5,1,5,94,0,0,1,1
v3_experimental,1264341776928319,126434,153,5,6,6,0,6,147,0,0,3,2
v3_experimental,1264391775040919,126439,62,1,4,4,0,4,58,0,0,0,0
v3_experimental,1264391775071870,126439,52,1,1,1,0,1,51,0,0,0,0
v3_experimental,1264401775046523,126440,99,2,9,9,0,9,90,0,0,0,2
v3_experimental,1264401775100681,126440,85,2,9,8,1,8,76,0,0,1,1
v3_experimental,1264401775111741,126440,104,3,6,6,0,6,98,0,0,1,1
v3_experimental,1264401776301422,126440,115,2,7,7,0,7,108,0,0,1,1
v3_experimental,1264401776323964,126440,158,2,15,15,0,15,143,0,0,0,0
v3_experimental,1270471775074005,127047,80,3,9,9,0,9,71,0,0,0,2
v3_experimental,1270471775144100,127047,72,1,5,5,0,5,67,0,0,0,0
v3_experimental,1270471775189011,127047,72,2,5,5,0,5,67,0,0,0,1
v3_experimental,1278961775037478,127896,140,2,17,14,3,14,123,0,0,0,2
v3_experimental,1278961775094027,127896,90,2,6,6,0,6,84,0,0,1,1
v3_experimental,1278961776284171,127896,73,2,6,6,0,6,67,0,0,0,1
v3_experimental,1278961776305664,127896,130,1,3,3,0,3,127,0,0,0,0
v3_experimental,1278961776379679,127896,102,1,3,3,0,3,99,0,0,0,0
v3_experimental,1479961775164998,147996,120,4,7,7,0,7,113,0,0,2,1
v3_experimental,1480011776664797,148001,3,1,1,0,1,0,2,0,0,0,0
v3_experimental,1480061775253090,148006,24,2,5,5,0,5,19,0,0,1,1
v3_experimental,1480061775299920,148006,46,1,7,7,0,7,39,0,0,0,0
v3_experimental,1480061776493298,148006,258,4,6,6,0,6,252,0,0,1,2
v3_experimental,1480061776559750,148006,214,2,5,5,0,5,209,0,0,0,1
v3_experimental,1480061776636715,148006,193,1,2,1,1,1,191,0,0,0,0
v3_experimental,1480091775247591,148009,134,4,12,12,0,12,122,0,0,2,2
v3_experimental,1480091776346277,148009,304,2,12,12,0,12,292,0,0,1,0
v3_experimental,1480091776379263,148009,152,2,6,6,0,6,146,0,0,0,1
v3_experimental,1480121775031911,148012,89,2,6,6,0,6,83,0,0,1,0
v3_experimental,1480121775491525,148012,100,5,8,8,0,8,92,0,0,2,1
v3_experimental,1480121776323426,148012,200,2,3,3,0,3,197,0,0,0,0
v3_experimental,1480121776350966,148012,389,3,14,9,5,9,375,0,0,0,1
v3_experimental,1480121776414071,148012,317,3,4,4,0,4,313,0,0,0,1
v3_experimental,1480121776927696,148012,112,2,12,9,3,9,100,0,0,0,1
v3_experimental,1480211775517727,148021,120,1,5,5,0,5,115,0,0,0,0
v3_experimental,1480211776288557,148021,125,1,3,3,0,3,122,0,0,0,0
v3_experimental,1486491775187931,148649,71,2,6,6,0,6,65,0,0,0,1
v3_experimental,1486491775224728,148649,80,2,1,1,0,1,79,0,0,0,2
v3_experimental,1486491775252958,148649,54,2,4,4,0,4,50,0,0,1,1
v3_experimental,1486491775314441,148649,104,3,7,6,1,6,97,0,0,2,2
v3_experimental,1486491776482041,148649,195,1,2,2,0,2,193,0,0,0,0
v3_experimental,1486491776514520,148649,85,2,13,13,0,13,72,0,0,0,1
v3_experimental,1486491776919925,148649,184,1,1,1,0,1,183,0,0,0,0
v3_experimental,1507111775186314,150711,88,2,13,12,1,12,75,0,0,0,1
v3_experimental,1507111775235100,150711,84,1,3,3,0,3,81,0,0,0,0
v3_experimental,1507111776401624,150711,151,4,11,10,1,10,140,0,0,1,2
v3_experimental,1509261775133507,150926,63,1,1,1,0,1,62,0,0,0,0
v3_experimental,1509261776350606,150926,85,3,7,7,0,7,78,0,0,2,1
v3_experimental,1509271775067704,150927,50,1,3,3,0,3,47,0,0,0,0
v3_experimental,1509271775124548,150927,49,2,1,1,0,1,48,0,0,1,1
v3_experimental,1509271775185680,150927,54,1,1,1,0,1,53,0,0,0,0
v3_experimental,1509271776298576,150927,123,1,1,1,0,1,122,0,0,0,0
v3_experimental,1509271776365794,150927,95,1,1,0,1,0,94,0,0,0,0
v3_experimental,1509271776396674,150927,100,3,5,5,0,5,95,0,0,1,1
v3_experimental,1509271776947490,150927,86,3,9,9,0,9,77,0,0,1,1
v3_experimental,1509291775178980,150929,98,5,17,17,0,17,81,0,0,3,1
v3_experimental,1509291775221741,150929,89,3,8,8,0,8,81,0,0,1,1
v3_experimental,1509291776301080,150929,213,2,7,7,0,7,206,0,0,0,1
v3_experimental,1509291776357797,150929,245,3,11,11,0,11,234,0,0,1,1
v3_experimental,1509331775567630,150933,51,2,2,2,0,2,49,0,0,1,1
v3_experimental,1509351775002287,150935,52,4,9,9,0,9,43,0,0,2,1
v3_experimental,1526701775023627,152670,104,1,3,3,0,3,101,0,0,0,0
v3_experimental,1526701775098261,152670,87,2,9,9,0,9,78,0,0,1,1
v3_experimental,1526701775380109,152670,71,1,1,1,0,1,70,0,0,0,0
v3_experimental,1526701776379291,152670,320,2,10,10,0,10,310,0,0,0,1
v3_experimental,1526701776406119,152670,260,1,1,1,0,1,259,0,0,0,0
v3_experimental,1526701776453282,152670,217,2,13,13,0,13,204,0,0,0,1
v3_experimental,1532971776423860,153297,248,3,12,12,0,12,236,0,0,1,1
v3_experimental,1532971776467859,153297,294,2,11,11,0,11,283,0,0,0,1
v3_experimental,1532971776730396,153297,308,2,6,6,0,6,302,0,0,1,1
v3_experimental,1532971776924084,153297,262,3,8,8,0,8,254,0,0,1,1
v3_experimental,1569091775355421,156909,67,2,2,2,0,2,65,0,0,0,1
v3_experimental,1569091775578496,156909,97,1,3,3,0,3,94,0,0,0,0
v3_experimental,1569091776328406,156909,262,3,12,11,1,11,250,0,0,0,2
v3_experimental,1569091776501586,156909,312,3,8,8,0,8,304,0,0,2,1
v3_experimental,1569091776668527,156909,261,1,0,0,0,0,261,0,0,0,0
v3_experimental,1582201775041620,158220,99,3,7,7,0,7,92,0,0,1,2
v3_experimental,1582201775075101,158220,42,2,4,2,2,2,38,0,0,1,1
v3_experimental,1582201775114208,158220,175,2,6,4,2,4,169,0,0,0,1
v3_experimental,1582201776637547,158220,159,2,20,20,0,20,139,0,0,0,1
v3_experimental,1582201776728707,158220,253,2,3,3,0,3,250,0,0,0,2
v3_experimental,1582201776753897,158220,243,2,9,8,1,8,234,0,0,1,0
v3_experimental,1582231775543731,158223,65,3,4,3,1,3,61,0,0,1,1
v3_experimental,1582231775575988,158223,59,1,1,1,0,1,58,0,0,0,0
v3_experimental,1582231776464240,158223,277,3,5,5,0,5,272,0,0,1,1
v3_experimental,1592541775299388,159254,97,2,7,7,0,7,90,0,0,0,1
v3_experimental,1592541775399840,159254,124,3,13,13,0,13,111,0,0,2,1
v3_experimental,1592541775446049,159254,64,1,2,2,0,2,62,0,0,0,0
v3_experimental,1592541776621898,159254,192,2,6,6,0,6,186,0,0,0,1
v3_experimental,1592541776929343,159254,231,3,9,9,0,9,222,0,0,0,2
v3_experimental,1592551775033936,159255,68,2,4,4,0,4,64,0,0,1,0
v3_experimental,1592551775068703,159255,70,2,8,8,0,8,62,0,0,0,1
v3_experimental,1592551776300447,159255,162,1,3,3,0,3,159,0,0,0,0
v3_experimental,1592551776381135,159255,201,3,16,15,1,15,185,0,0,2,1
v3_experimental,1592551776402564,159255,110,1,1,1,0,1,109,0,0,0,0
v3_experimental,1592761776571334,159276,341,2,11,11,0,11,330,0,0,0,1
v3_experimental,1592761776616929,159276,258,3,6,6,0,6,252,0,0,1,2
v3_experimental,1593491775057473,159349,68,3,8,7,1,7,60,0,0,1,2
v3_experimental,1593491775098280,159349,96,2,15,12,3,12,81,0,0,0,2
v3_experimental,1593491776417636,159349,185,2,8,6,2,6,177,0,0,0,1
v3_experimental,1593491776481385,159349,57,2,8,8,0,8,49,0,0,0,1
v3_experimental,1618671775002688,161867,73,2,2,2,0,2,71,0,0,0,1
v3_experimental,1618671775021611,161867,78,3,4,4,0,4,74,0,0,1,1
v3_experimental,1618671776287832,161867,35,1,1,0,1,0,34,0,0,0,0
v3_experimental,1625481776460195,162548,134,2,4,4,0,4,130,0,0,1,1
v3_experimental,1625481776478204,162548,261,1,3,3,0,3,258,0,0,0,0
v3_experimental,1627131776337887,162713,297,3,10,10,0,10,287,0,0,1,1
v3_experimental,1627131776431187,162713,389,3,6,6,0,6,383,0,0,1,2
v3_experimental,1627131776476503,162713,297,3,7,7,0,7,290,0,0,2,1
v3_experimental,1628241775071412,162824,58,2,6,3,3,3,52,0,0,1,1
v3_experimental,1628241776295776,162824,211,4,11,8,3,8,200,0,0,2,2
v3_experimental,1628241776398835,162824,156,3,3,3,0,3,153,0,0,1,1
v3_experimental,1628241776421546,162824,181,4,13,13,0,13,168,0,0,0,1
v3_experimental,1628311775636837,162831,75,1,0,0,0,0,75,0,0,0,0
v3_experimental,1628311776467472,162831,154,2,3,3,0,3,151,0,0,0,1
v3_experimental,1628311776915649,162831,176,3,10,6,4,6,166,0,0,1,1
v3_experimental,1628311776961752,162831,204,2,15,15,0,15,189,0,0,0,1
v3_experimental,1646431775167252,164643,121,4,15,15,0,15,106,0,0,2,1
v3_experimental,1646431775645624,164643,96,3,7,7,0,7,89,0,0,0,1
v3_experimental,1646431776914669,164643,215,3,7,6,1,6,208,0,0,1,1
v3_experimental,1648861776897837,164886,401,2,3,3,0,3,398,0,0,1,1
v3_experimental,1648871775293761,164887,75,3,6,6,0,6,69,0,0,0,2
v3_experimental,1648871775322408,164887,73,2,7,7,0,7,66,0,0,0,1
v3_experimental,1648871776655388,164887,91,2,11,11,0,11,80,0,0,1,1
v3_experimental,1648871776859097,164887,221,1,9,9,0,9,212,0,0,0,0
v3_experimental,1648871776901089,164887,184,1,6,6,0,6,178,0,0,0,0
v3_experimental,1648901775015502,164890,83,2,9,9,0,9,74,0,0,1,2
v3_experimental,1648901775057795,164890,82,2,5,5,0,5,77,0,0,1,1
v3_experimental,1648901775087993,164890,85,2,5,5,0,5,80,0,0,1,1
v3_experimental,1648901776369305,164890,138,2,6,6,0,6,132,0,0,0,1
v3_experimental,1648901776436275,164890,129,2,2,2,0,2,127,0,0,1,1
v3_experimental,1648911775240073,164891,75,1,3,3,0,3,72,0,0,0,0
v3_experimental,1648911775267563,164891,82,2,6,5,1,5,76,0,0,1,1
v3_experimental,1648911775308093,164891,76,3,11,10,1,10,65,0,0,1,1
v3_experimental,1648911775324423,164891,82,3,10,10,0,10,72,0,0,0,2
v3_experimental,1648911775341673,164891,34,2,3,3,0,3,31,0,0,1,1
v3_experimental,1648921775061112,164892,111,2,5,4,1,4,106,0,0,0,2
v3_experimental,1648921775082526,164892,206,1,3,3,0,3,203,0,0,0,0
v3_experimental,1648921775538758,164892,247,1,0,0,0,0,247,0,0,0,0
v3_experimental,1649011775077517,164901,110,1,8,7,1,7,102,0,0,0,0
v3_experimental,1649011775110572,164901,113,3,6,5,1,5,107,0,0,0,1
v3_experimental,1649011776288040,164901,126,3,7,7,0,7,119,0,0,2,1
v3_experimental,1649011776302020,164901,112,3,8,8,0,8,104,0,0,2,1
v3_experimental,1649011776338399,164901,219,2,5,5,0,5,214,0,0,1,1
v3_experimental,1649011776370741,164901,267,3,8,8,0,8,259,0,0,2,1
v3_experimental,1649021776287989,164902,268,4,8,6,2,6,260,0,0,2,2
v3_experimental,1649021776362402,164902,100,4,6,6,0,6,94,0,0,2,2
v3_experimental,1649021776376575,164902,86,1,1,1,0,1,85,0,0,0,0
v3_experimental,1649021776448461,164902,235,3,7,7,0,7,228,0,0,1,1
v3_experimental,1649021776920576,164902,230,2,7,7,0,7,223,0,0,0,0
v3_experimental,1661341776528220,166134,177,3,21,21,0,21,156,0,0,2,1
v3_experimental,1661441775121939,166144,132,3,12,12,0,12,120,0,0,2,2
v3_experimental,1661491775292478,166149,83,1,7,7,0,7,76,0,0,0,0
v3_experimental,1661491776314048,166149,101,2,2,2,0,2,99,0,0,1,1
v3_experimental,1661491776324361,166149,89,2,4,4,0,4,85,0,0,1,1
v3_experimental,1661491776381494,166149,282,4,23,18,5,18,259,0,0,0,1
v3_experimental,1661531775014601,166153,73,2,9,9,0,9,64,0,0,1,0
v3_experimental,1661531775082934,166153,122,1,21,21,0,21,101,0,0,0,0
v3_experimental,1661531775111994,166153,42,2,5,4,1,4,37,0,0,1,0
v3_experimental,1661531776317546,166153,216,1,6,4,2,4,210,0,0,0,0
v3_experimental,1661531776355784,166153,256,1,8,8,0,8,248,0,0,0,0
v3_experimental,1661531776393114,166153,186,1,8,7,1,7,178,0,0,0,0
v3_experimental,1661621775005673,166162,118,1,1,1,0,1,117,0,0,0,0
v3_experimental,1661621775029863,166162,80,3,6,6,0,6,74,0,0,0,2
v3_experimental,1661621775158213,166162,53,1,0,0,0,0,53,0,0,0,0
v3_experimental,1661621775174220,166162,78,2,9,8,1,8,69,0,0,0,2
v3_experimental,1661621776335075,166162,108,1,1,1,0,1,107,0,0,0,0
v3_experimental,1661621776352158,166162,112,2,7,7,0,7,105,0,0,1,1
v3_experimental,1661621776933635,166162,237,2,3,3,0,3,234,0,0,0,1
v3_experimental,1683751775031284,168375,111,1,4,4,0,4,107,0,0,0,0
v3_experimental,1683751775057706,168375,108,1,5,5,0,5,103,0,0,0,0
v3_experimental,1683751776365130,168375,265,4,23,22,1,22,242,0,0,1,1
v3_experimental,1683751776405814,168375,226,4,8,8,0,8,218,0,0,1,1
v3_experimental,1702061775058497,170206,114,2,11,11,0,11,103,0,0,1,1
v3_experimental,1702061775117724,170206,71,2,7,7,0,7,64,0,0,0,1
v3_experimental,1702061776385282,170206,137,3,4,4,0,4,133,0,0,2,0
v3_experimental,1702061776403722,170206,144,3,8,7,1,7,136,0,0,1,2
v3_experimental,1702061776423132,170206,302,3,22,21,1,21,280,0,0,1,2
v3_experimental,1716901775045769,171690,56,5,7,6,1,6,49,0,0,3,1
v3_experimental,1716901775074324,171690,56,1,2,2,0,2,54,0,0,0,0
v3_experimental,1716901775095020,171690,85,4,5,5,0,5,80,0,0,2,2
v3_experimental,1716901776311831,171690,118,4,7,7,0,7,111,0,0,1,1
v3_experimental,1716901776352048,171690,132,2,8,8,0,8,124,0,0,0,1
v3_experimental,1716901776394050,171690,294,5,7,5,2,5,287,0,0,3,2
v3_experimental,1719041775097109,171904,211,4,7,7,0,7,204,0,0,3,2
v3_experimental,1719051775155221,171905,87,2,5,5,0,5,82,0,0,1,1
v3_experimental,1719051775176771,171905,75,1,2,2,0,2,73,0,0,0,0
v3_experimental,1719051776423271,171905,243,2,4,4,0,4,239,0,0,1,1
v3_experimental,1719051776448091,171905,227,2,4,4,0,4,223,0,0,0,1
v3_experimental,1719051776917842,171905,227,2,7,7,0,7,220,0,0,0,1
v3_experimental,1719771775086463,171977,123,2,19,19,0,19,104,0,0,0,1
v3_experimental,1719771775121374,171977,67,3,7,7,0,7,60,0,0,2,1
v3_experimental,1719771775275875,171977,191,2,18,18,0,18,173,0,0,0,1
v3_experimental,1719811776284034,171981,193,2,9,9,0,9,184,0,0,0,1
v3_experimental,1719811776304696,171981,275,2,22,21,1,21,253,0,0,1,1
v3_experimental,1719811776560880,171981,192,2,7,7,0,7,185,0,0,1,1
v3_experimental,1719811776620245,171981,176,2,4,4,0,4,172,0,0,0,2
v3_experimental,1720931775239314,172093,164,2,7,7,0,7,157,0,0,0,1
v3_experimental,1720931775279453,172093,117,2,3,2,1,2,114,0,0,0,1
v3_experimental,1720931775302346,172093,170,2,3,3,0,3,167,0,0,1,1
v3_experimental,1720931776812697,172093,122,6,22,21,1,21,100,0,0,4,3
v3_experimental,1752451775143264,175245,165,3,6,6,0,6,159,0,0,2,1
v3_experimental,1752451775272681,175245,233,3,7,7,0,7,226,0,0,1,1
v3_experimental,1790311775053899,179031,217,2,12,12,0,12,205,0,0,0,2
v3_experimental,1790311775105412,179031,130,2,8,7,1,7,122,0,0,0,1
v3_experimental,1790311775142120,179031,156,1,12,12,0,12,144,0,0,0,0
v3_experimental,1790311776312100,179031,345,3,14,14,0,14,331,0,0,0,1
v3_experimental,1790351775273792,179035,143,2,12,12,0,12,131,0,0,0,1
v3_experimental,1790351775334909,179035,118,1,1,1,0,1,117,0,0,0,0
v3_experimental,1790351776321244,179035,118,2,3,2,1,2,115,0,0,1,1
v3_experimental,1790351776365261,179035,122,2,6,6,0,6,116,0,0,0,1
v3_experimental,1790351776380978,179035,102,1,2,2,0,2,100,0,0,0,0
v3_experimental,1790381775012063,179038,161,3,12,12,0,12,149,0,0,1,1
v3_experimental,1790381775115128,179038,148,2,11,9,2,9,137,0,0,1,1
v3_experimental,1790381775157640,179038,136,1,4,4,0,4,132,0,0,0,0
v3_experimental,1790381776521905,179038,239,2,6,6,0,6,233,0,0,1,0
v3_experimental,1790381776709438,179038,319,4,15,14,1,14,304,0,0,2,1
v3_experimental,1790391775663203,179039,94,2,6,6,0,6,88,0,0,1,1
v3_experimental,1790391775681989,179039,84,2,2,2,0,2,82,0,0,1,1
v3_experimental,1790391776108220,179039,212,2,9,9,0,9,203,0,0,0,1
v3_experimental,1790391776384914,179039,218,1,2,2,0,2,216,0,0,0,0
v3_experimental,1790391776434437,179039,144,2,2,2,0,2,142,0,0,0,1
v3_experimental,1790421775493560,179042,163,2,16,16,0,16,147,0,0,1,1
v3_experimental,1790421775579730,179042,112,2,14,14,0,14,98,0,0,0,1
v3_experimental,1790421776588697,179042,299,3,10,10,0,10,289,0,0,2,1
v3_experimental,1790421776628367,179042,261,2,5,3,2,3,256,0,0,1,1
v3_experimental,1790441776546527,179044,271,2,4,4,0,4,267,0,0,0,1
v3_experimental,1790441776590726,179044,186,1,3,3,0,3,183,0,0,0,0
v3_experimental,1790441776615164,179044,116,3,5,5,0,5,111,0,0,1,2
v3_experimental,1790471775076901,179047,86,1,7,7,0,7,79,0,0,0,0
v3_experimental,1790471775119776,179047,193,1,14,14,0,14,179,0,0,0,0
v3_experimental,1790471776380016,179047,191,2,9,9,0,9,182,0,0,1,1
v3_experimental,1790471776944088,179047,316,2,8,8,0,8,308,0,0,0,1
v3_experimental,1790481776434571,179048,248,3,4,4,0,4,244,0,0,0,1
v3_experimental,1790481776488156,179048,307,2,2,2,0,2,305,0,0,0,1
v3_experimental,1790481776527278,179048,109,1,3,3,0,3,106,0,0,0,0
v3_experimental,1790491775111849,179049,90,1,8,8,0,8,82,0,0,0,0
v3_experimental,1790491775168848,179049,90,1,2,2,0,2,88,0,0,0,0
v3_experimental,1790491776286034,179049,170,3,5,5,0,5,165,0,0,1,2
v3_experimental,1790491776333283,179049,112,2,3,3,0,3,109,0,0,1,1
v3_experimental,1790491776351313,179049,109,2,7,7,0,7,102,0,0,1,1
v3_experimental,1790511775028122,179051,107,1,7,7,0,7,100,0,0,0,0
v3_experimental,1790511775077785,179051,50,1,4,4,0,4,46,0,0,0,0
v3_experimental,1790511776522106,179051,297,4,9,9,0,9,288,0,0,3,1
v3_experimental,1790511776560356,179051,116,2,3,3,0,3,113,0,0,1,1
v3_experimental,1790511776574680,179051,163,2,3,3,0,3,160,0,0,1,1
v3_experimental,1790511776952209,179051,149,1,7,7,0,7,142,0,0,0,0
v3_experimental,1790541775095373,179054,152,3,9,9,0,9,143,0,0,1,1
v3_experimental,1790541775138173,179054,125,3,4,4,0,4,121,0,0,1,2
v3_experimental,1790541775162843,179054,153,1,9,8,1,8,144,0,0,0,0
v3_experimental,1790541776305985,179054,299,2,3,2,1,2,296,0,0,1,1
v3_experimental,1790541776373031,179054,109,1,1,1,0,1,108,0,0,0,0
v3_experimental,1790541776387408,179054,140,2,3,3,0,3,137,0,0,1,0
v3_experimental,1790651775177893,179065,240,2,8,8,0,8,232,0,0,0,1
v3_experimental,1790651775239550,179065,192,4,8,8,0,8,184,0,0,0,1
v3_experimental,1790681775505661,179068,108,2,7,5,2,5,101,0,0,1,1
v3_experimental,1791321775011127,179132,70,2,4,4,0,4,66,0,0,1,1
v3_experimental,1791321775188320,179132,118,8,14,12,2,12,104,0,0,3,3
v3_experimental,1791321775602315,179132,51,1,2,2,0,2,49,0,0,0,0
v3_experimental,1791321776351562,179132,151,1,4,4,0,4,147,0,0,0,0
v3_experimental,1791341775045702,179134,78,1,2,2,0,2,76,0,0,0,0
v3_experimental,1791341775070439,179134,59,2,4,4,0,4,55,0,0,1,1
v3_experimental,1791341775110101,179134,68,2,5,5,0,5,63,0,0,0,1
v3_experimental,1791341775141544,179134,55,1,1,1,0,1,54,0,0,0,0
v3_experimental,1791341776373644,179134,214,2,4,4,0,4,210,0,0,1,0
v3_experimental,1791341776525490,179134,209,1,5,5,0,5,204,0,0,0,0
v3_experimental,1791371775170334,179137,98,2,8,8,0,8,90,0,0,1,1
v3_experimental,1791371775185268,179137,197,2,15,15,0,15,182,0,0,0,1
v3_experimental,1791371776318995,179137,268,4,8,8,0,8,260,0,0,1,2
v3_experimental,1791371776384467,179137,192,2,2,2,0,2,190,0,0,0,1
v3_experimental,1791371776958052,179137,155,1,1,1,0,1,154,0,0,0,0
v3_experimental,1791651776727412,179165,241,2,6,6,0,6,235,0,0,0,1
v3_experimental,1791681775136380,179168,150,3,6,5,1,5,144,0,0,2,1
v3_experimental,1791681776289076,179168,148,2,4,3,1,3,144,0,0,1,1
v3_experimental,1791681776353945,179168,126,1,4,4,0,4,122,0,0,0,0
v3_experimental,1791681776369454,179168,103,2,2,2,0,2,101,0,0,1,1
v3_experimental,1791721775002233,179172,120,3,5,5,0,5,115,0,0,1,2
v3_experimental,1791731775213498,179173,102,2,4,4,0,4,98,0,0,0,1
v3_experimental,1791731775229938,179173,80,1,1,1,0,1,79,0,0,0,0
v3_experimental,1791731775244488,179173,104,2,5,5,0,5,99,0,0,1,1
v3_experimental,1791731776335484,179173,148,1,1,1,0,1,147,0,0,0,0
v3_experimental,1791731776363063,179173,175,2,4,4,0,4,171,0,0,1,1
v3_experimental,1791731776418556,179173,221,2,4,4,0,4,217,0,0,0,1
v3_experimental,1791781775538892,179178,94,2,5,5,0,5,89,0,0,1,1
v3_experimental,1791781776299254,179178,230,4,10,10,0,10,220,0,0,1,2
v3_experimental,1791781776352230,179178,317,2,8,8,0,8,309,0,0,0,1
v3_experimental,1791841775330822,179184,108,3,6,6,0,6,102,0,0,1,1
v3_experimental,1791841775411744,179184,134,2,2,2,0,2,132,0,0,0,1
v3_experimental,1791841776526877,179184,218,3,6,6,0,6,212,0,0,0,1
v3_experimental,1791841776567067,179184,301,2,13,13,0,13,288,0,0,0,1
v3_experimental,1791871775033743,179187,123,1,1,1,0,1,122,0,0,0,0
v3_experimental,1791871775130534,179187,64,1,1,1,0,1,63,0,0,0,0
v3_experimental,1791901776290575,179190,313,2,10,10,0,10,303,0,0,1,1
v3_experimental,1791901776354145,179190,289,2,5,5,0,5,284,0,0,1,1
v3_experimental,1791901776386014,179190,254,3,7,7,0,7,247,0,0,1,1
v3_experimental,1792391775047563,179239,153,1,4,4,0,4,149,0,0,0,0
v3_experimental,1792391775109198,179239,144,2,3,3,0,3,141,0,0,0,1
v3_experimental,1792391775146402,179239,113,1,1,1,0,1,112,0,0,0,0
v3_experimental,1792391776286552,179239,239,2,7,6,1,6,232,0,0,1,1
v3_experimental,1792391776381419,179239,225,3,3,2,1,2,222,0,0,1,2
v3_experimental,1792391776441788,179239,190,2,3,3,0,3,187,0,0,0,0
v3_experimental,1792391776920647,179239,254,5,8,8,0,8,246,0,0,1,2
v3_experimental,1792431775015098,179243,45,1,1,1,0,1,44,0,0,0,0
v3_experimental,1792431775057003,179243,56,2,6,6,0,6,50,0,0,1,1
v3_experimental,1792431775082426,179243,67,1,13,11,2,11,54,0,0,0,0
v3_experimental,1792431775157755,179243,86,1,10,10,0,10,76,0,0,0,0
v3_experimental,1792431776321074,179243,185,3,8,8,0,8,177,0,0,2,1
v3_experimental,1792441775117931,179244,78,2,4,4,0,4,74,0,0,0,1
v3_experimental,1792441776357634,179244,75,1,6,6,0,6,69,0,0,0,0
v3_experimental,1793121775004987,179312,51,1,1,1,0,1,50,0,0,0,0
v3_experimental,1793121776309222,179312,153,2,8,8,0,8,145,0,0,0,1
v3_experimental,1793121776348645,179312,132,2,4,4,0,4,128,0,0,1,1
v3_experimental,1793121776374158,179312,174,1,3,3,0,3,171,0,0,0,0
v3_experimental,1793131776315488,179313,78,3,5,5,0,5,73,0,0,2,1
v3_experimental,1793131776358478,179313,56,1,1,1,0,1,55,0,0,0,0
v3_experimental,1804461775342198,180446,68,1,0,0,0,0,68,0,0,0,0
v3_experimental,1804461775593997,180446,105,2,4,4,0,4,101,0,0,1,1
v3_experimental,1804461775623653,180446,92,3,6,6,0,6,86,0,0,2,1
v3_experimental,1804461776934918,180446,235,4,7,7,0,7,228,0,0,1,2
v3_experimental,1804521776375530,180452,148,3,5,4,1,4,143,0,0,2,1
v3_experimental,1804521776805530,180452,276,2,7,5,2,5,269,0,0,0,1
v3_experimental,1804581775066483,180458,125,3,6,6,0,6,119,0,0,1,2
v3_experimental,1804581775105603,180458,197,2,3,3,0,3,194,0,0,0,1
v3_experimental,1804581775149073,180458,109,2,7,7,0,7,102,0,0,1,1
v3_experimental,1804581776353615,180458,184,1,2,2,0,2,182,0,0,0,0
v3_experimental,1804581776441421,180458,306,3,18,18,0,18,288,0,0,1,2
v3_experimental,1804591775055111,180459,151,2,8,8,0,8,143,0,0,1,1
v3_experimental,1804591775141167,180459,105,1,1,1,0,1,104,0,0,0,0
v3_experimental,1804591775154678,180459,87,1,1,1,0,1,86,0,0,0,0
v3_experimental,1804591776506965,180459,171,3,6,6,0,6,165,0,0,2,1
v3_experimental,1804591776528029,180459,166,2,4,4,0,4,162,0,0,0,1
v3_experimental,1804591776543010,180459,281,4,6,6,0,6,275,0,0,2,1
v3_experimental,1808411775314389,180841,216,2,7,7,0,7,209,0,0,1,1
v3_experimental,1808411775452848,180841,228,2,3,3,0,3,225,0,0,0,1
v3_experimental,1808471775015102,180847,116,7,10,9,1,9,106,0,0,3,2
v3_experimental,1808471775112521,180847,121,1,4,4,0,4,117,0,0,0,0
v3_experimental,1808471775211968,180847,99,5,14,14,0,14,85,0,0,3,2
v3_experimental,1808471775593206,180847,102,5,22,21,1,21,80,0,0,3,2
v3_experimental,1808471776560820,180847,105,2,3,2,1,2,102,0,0,1,1
v3_experimental,1808471776608491,180847,176,4,9,8,1,8,167,0,0,2,1
v3_experimental,1808481775155738,180848,152,2,6,6,0,6,146,0,0,1,1
v3_experimental,1808481775192942,180848,100,2,5,4,1,4,95,0,0,0,1
v3_experimental,1808481775232413,180848,116,3,7,5,2,5,109,0,0,1,3
v3_experimental,1808501776470050,180850,226,3,8,8,0,8,218,0,0,1,1
v3_experimental,1808501776548195,180850,159,2,8,7,1,7,151,0,0,0,1
v3_experimental,1808551775226912,180855,87,1,5,5,0,5,82,0,0,0,0
v3_experimental,1808551775259761,180855,106,3,9,9,0,9,97,0,0,1,1
v3_experimental,1808551776750965,180855,188,3,9,9,0,9,179,0,0,1,1
v3_experimental,1808601775007621,180860,61,2,5,5,0,5,56,0,0,1,1
v3_experimental,1808601775210259,180860,69,1,0,0,0,0,69,0,0,0,0
v3_experimental,1808601775233532,180860,69,2,2,2,0,2,67,0,0,0,1
v3_experimental,1808601776349812,180860,182,4,6,6,0,6,176,0,0,2,2
v3_experimental,1808601776370452,180860,140,2,4,4,0,4,136,0,0,0,2
v3_experimental,1808601776572355,180860,138,3,2,2,0,2,136,0,0,1,2
v3_experimental,1808631775136624,180863,134,2,2,1,1,1,132,0,0,1,0
v3_experimental,1808631775233569,180863,74,1,0,0,0,0,74,0,0,0,0
v3_experimental,1808711775511143,180871,194,2,9,9,0,9,185,0,0,1,1
v3_experimental,1808721775015051,180872,89,3,11,11,0,11,78,0,0,0,1
v3_experimental,1808721775073164,180872,78,3,6,6,0,6,72,0,0,1,1
v3_experimental,1808721776569157,180872,171,2,7,7,0,7,164,0,0,1,1
v3_experimental,1808721776629184,180872,163,2,7,7,0,7,156,0,0,0,2
v3_experimental,1808741775103101,180874,104,2,3,2,1,2,101,0,0,1,1
v3_experimental,1808741776842429,180874,169,2,11,11,0,11,158,0,0,0,1
v3_experimental,1808741776869687,180874,250,3,9,9,0,9,241,0,0,2,1
v3_experimental,1808741776959848,180874,165,2,2,2,0,2,163,0,0,1,1
v3_experimental,1808751775132978,180875,172,3,7,7,0,7,165,0,0,1,1
v3_experimental,1808751776300482,180875,338,2,3,3,0,3,335,0,0,0,2
v3_experimental,1808751776748628,180875,264,2,1,1,0,1,263,0,0,0,0
v3_experimental,1808751776780443,180875,252,2,6,6,0,6,246,0,0,0,1
v3_experimental,1808751776932669,180875,253,3,6,6,0,6,247,0,0,1,1
v3_experimental,1808751776963766,180875,227,2,8,8,0,8,219,0,0,0,2
v3_experimental,1808771775072109,180877,126,1,2,2,0,2,124,0,0,0,0
v3_experimental,1808771775103528,180877,138,1,3,3,0,3,135,0,0,0,0
v3_experimental,1808771775153637,180877,171,2,10,10,0,10,161,0,0,1,1
v3_experimental,1808771775195745,180877,140,1,1,1,0,1,139,0,0,0,0
v3_experimental,1808771775234293,180877,157,3,6,6,0,6,151,0,0,0,1
v3_experimental,1808781775175012,180878,142,2,7,6,1,6,135,0,0,1,0
v3_experimental,1808781775199502,180878,156,3,11,11,0,11,145,0,0,1,2
v3_experimental,1808781775328672,180878,75,1,6,6,0,6,69,0,0,0,0
v3_experimental,1808781776291405,180878,190,3,8,8,0,8,182,0,0,2,2
v3_experimental,1808781776313205,180878,188,4,4,2,2,2,184,0,0,0,2
v3_experimental,1808781776382064,180878,216,2,1,0,1,0,215,0,0,1,1
v3_experimental,1808801775053266,180880,112,4,6,6,0,6,106,0,0,0,2
v3_experimental,1808801775077476,180880,128,3,4,4,0,4,124,0,0,1,1
v3_experimental,1808801775184559,180880,130,4,8,8,0,8,122,0,0,1,2
v3_experimental,1808801775227265,180880,85,2,9,9,0,9,76,0,0,1,1
v3_experimental,1808801776319729,180880,267,3,10,10,0,10,257,0,0,1,1
v3_experimental,1808801776356704,180880,224,3,8,8,0,8,216,0,0,1,0
v3_experimental,1808801776936687,180880,264,3,6,6,0,6,258,0,0,1,1
v3_experimental,1808861775051129,180886,61,1,2,2,0,2,59,0,0,0,0
v3_experimental,1808861775098837,180886,90,2,4,4,0,4,86,0,0,1,1
v3_experimental,1808881775456854,180888,94,1,1,1,0,1,93,0,0,0,0
v3_experimental,1808881776328461,180888,362,2,10,9,1,9,352,0,0,0,2
v3_experimental,1808881776387041,180888,414,2,18,17,1,17,396,0,0,0,1
v3_experimental,1808931775256993,180893,199,1,0,0,0,0,199,0,0,0,0
v3_experimental,1808931776299317,180893,217,2,5,5,0,5,212,0,0,0,2
v3_experimental,1808931776355927,180893,215,1,1,1,0,1,214,0,0,0,0
v3_experimental,1808931776385238,180893,221,1,0,0,0,0,221,0,0,0,0
v3_experimental,1809001775218940,180900,177,2,7,7,0,7,170,0,0,1,1
v3_experimental,1809001775245550,180900,122,3,2,2,0,2,120,0,0,1,1
v3_experimental,1820971775041267,182097,87,1,0,0,0,0,87,0,0,0,0
v3_experimental,1820971775064128,182097,73,1,4,4,0,4,69,0,0,0,0
v3_experimental,1820971775110886,182097,53,1,0,0,0,0,53,0,0,0,0
v3_experimental,1820971776472290,182097,198,2,3,3,0,3,195,0,0,0,1
v3_experimental,1820981775066857,182098,120,2,5,5,0,5,115,0,0,1,1
v3_experimental,1820981775098519,182098,112,1,5,5,0,5,107,0,0,0,0
v3_experimental,1820981775155332,182098,91,1,8,8,0,8,83,0,0,0,0
v3_experimental,1821001775113652,182100,53,2,6,6,0,6,47,0,0,0,1
v3_experimental,1821001776406320,182100,310,3,7,7,0,7,303,0,0,1,1
v3_experimental,1821001776447325,182100,110,1,0,0,0,0,110,0,0,0,0
v3_experimental,1821001776462899,182100,206,2,9,9,0,9,197,0,0,0,1
v3_experimental,1821041775005781,182104,53,2,1,1,0,1,52,0,0,1,1
v3_experimental,1821041775078128,182104,46,1,3,3,0,3,43,0,0,0,0
v3_experimental,1821041776377495,182104,95,2,14,14,0,14,81,0,0,0,1
v3_experimental,1821041776911934,182104,208,1,3,3,0,3,205,0,0,0,0
v3_experimental,1821061775370598,182106,67,1,2,2,0,2,65,0,0,0,0
v3_experimental,1821061776287322,182106,139,2,5,5,0,5,134,0,0,0,2
v3_experimental,1821061776304500,182106,129,1,2,2,0,2,127,0,0,0,0
v3_experimental,1821061776377518,182106,311,1,3,3,0,3,308,0,0,0,0
v3_experimental,1821061776443789,182106,245,2,4,4,0,4,241,0,0,1,1
v3_experimental,1821081775142980,182108,258,2,3,3,0,3,255,0,0,1,1
v3_experimental,1821081775239903,182108,51,2,2,1,1,1,49,0,0,1,1
v3_experimental,1821081776403527,182108,86,1,2,2,0,2,84,0,0,0,0
v3_experimental,1821091776402694,182109,185,1,1,1,0,1,184,0,0,0,0
v3_experimental,1821091776444340,182109,217,4,16,16,0,16,201,0,0,2,1
v3_experimental,1821091776497865,182109,220,2,12,12,0,12,208,0,0,1,1
v3_experimental,1821101775092178,182110,123,3,6,6,0,6,117,0,0,1,1
v3_experimental,1821101775133165,182110,103,2,8,7,1,7,95,0,0,0,2
v3_experimental,1821101775164848,182110,95,1,1,1,0,1,94,0,0,0,0
v3_experimental,1821111775265238,182111,93,1,0,0,0,0,93,0,0,0,0
v3_experimental,1821111776473976,182111,215,3,4,4,0,4,211,0,0,1,1
v3_experimental,1821111776498709,182111,181,1,3,3,0,3,178,0,0,0,0
v3_experimental,1821111776556336,182111,274,2,4,4,0,4,270,0,0,1,1
v3_experimental,1821141775453183,182114,152,2,2,0,2,0,150,0,0,1,1
v3_experimental,1821141776895300,182114,167,1,2,2,0,2,165,0,0,0,0
v3_experimental,1821171775078308,182117,112,2,6,6,0,6,106,0,0,1,1
v3_experimental,1821171775138762,182117,171,3,6,6,0,6,165,0,0,1,2
v3_experimental,1821171775184522,182117,123,1,3,3,0,3,120,0,0,0,0
v3_experimental,1821171776303903,182117,255,1,2,2,0,2,253,0,0,0,0
v3_experimental,1821171776580957,182117,180,1,0,0,0,0,180,0,0,0,0
v3_experimental,1821171776617502,182117,176,3,8,5,3,5,168,0,0,1,1
v3_experimental,1821211775101571,182121,127,2,3,3,0,3,124,0,0,0,1
v3_experimental,1821211775141791,182121,108,3,5,5,0,5,103,0,0,1,1
v3_experimental,1821211775164687,182121,67,2,3,3,0,3,64,0,0,0,1
v3_experimental,1821211776349743,182121,168,3,4,4,0,4,164,0,0,2,1
v3_experimental,1821211776365443,182121,132,1,3,3,0,3,129,0,0,0,0
v3_experimental,1821221775144788,182122,66,2,2,2,0,2,64,0,0,1,1
v3_experimental,1821221775166354,182122,100,2,5,5,0,5,95,0,0,1,1
v3_experimental,1821221776430126,182122,111,1,3,3,0,3,108,0,0,0,0
v3_experimental,1821221776505192,182122,124,2,3,3,0,3,121,0,0,1,1
v3_experimental,1821231775067465,182123,51,2,5,5,0,5,46,0,0,1,1
v3_experimental,1821231775089655,182123,73,3,20,19,1,19,53,0,0,1,2
v3_experimental,1821231776528354,182123,91,2,11,11,0,11,80,0,0,0,1
v3_experimental,1821231776553871,182123,107,3,10,8,2,8,97,0,0,0,1
v3_experimental,1823901775027682,182390,148,2,5,5,0,5,143,0,0,0,1
v3_experimental,1823901775072439,182390,64,2,3,3,0,3,61,0,0,0,1
v3_experimental,1823901775091424,182390,64,1,6,6,0,6,58,0,0,0,0
v3_experimental,1823901776450046,182390,142,3,11,10,1,10,131,0,0,1,1
v3_experimental,1823901776522042,182390,211,2,5,4,1,4,206,0,0,0,1
v3_experimental,1829581775054821,182958,108,4,8,8,0,8,100,0,0,2,2
v3_experimental,1829581775081090,182958,93,4,7,6,1,6,86,0,0,3,1
v3_experimental,1829581775119710,182958,134,1,0,0,0,0,134,0,0,0,0
v3_experimental,1829581776295174,182958,115,2,2,2,0,2,113,0,0,1,1
v3_experimental,1829581776312635,182958,281,2,6,6,0,6,275,0,0,1,1
v3_experimental,1829581776385870,182958,178,1,0,0,0,0,178,0,0,0,0
v3_experimental,1829621775037227,182962,141,2,11,10,1,10,130,0,0,1,1
v3_experimental,1829621775181740,182962,288,2,8,8,0,8,280,0,0,0,1
v3_experimental,1829631775076867,182963,159,1,3,3,0,3,156,0,0,0,0
v3_experimental,1829631775127703,182963,157,1,2,2,0,2,155,0,0,0,0
v3_experimental,1829631776296260,182963,176,1,0,0,0,0,176,0,0,0,0
v3_experimental,1829631776314394,182963,152,2,2,2,0,2,150,0,0,1,2
v3_experimental,1829631776378425,182963,199,2,5,5,0,5,194,0,0,1,1
v3_experimental,1829631776921471,182963,290,2,5,3,2,3,285,0,0,1,2
v3_experimental,1829661775011192,182966,122,1,5,5,0,5,117,0,0,0,0
v3_experimental,1829661775100421,182966,94,2,4,4,0,4,90,0,0,0,0
v3_experimental,1829661776460120,182966,134,4,6,6,0,6,128,0,0,2,2
v3_experimental,1829671775296718,182967,157,2,4,4,0,4,153,0,0,0,1
v3_experimental,1829671776299266,182967,124,3,9,9,0,9,115,0,0,1,1
v3_experimental,1829671776456532,182967,287,1,4,4,0,4,283,0,0,0,0
v3_experimental,1829671776908726,182967,191,3,10,10,0,10,181,0,0,0,1
v3_experimental,1829671776951039,182967,72,1,2,2,0,2,70,0,0,0,0
v3_experimental,1829681775005592,182968,94,2,2,2,0,2,92,0,0,1,1
v3_experimental,1829681775023112,182968,88,1,3,3,0,3,85,0,0,0,0
v3_experimental,1829681775045981,182968,104,1,5,5,0,5,99,0,0,0,0
v3_experimental,1829681775068201,182968,89,1,2,2,0,2,87,0,0,0,0
v3_experimental,1829681775109517,182968,108,3,4,4,0,4,104,0,0,1,1
v3_experimental,1829681776374253,182968,155,1,2,2,0,2,153,0,0,0,0
v3_experimental,1829681776393781,182968,194,2,6,6,0,6,188,0,0,0,1
v3_experimental,1829681776471620,182968,229,1,2,2,0,2,227,0,0,0,0
v3_experimental,1829681776926859,182968,224,1,3,3,0,3,221,0,0,0,0
v3_experimental,1829701775063483,182970,55,2,3,2,1,2,52,0,0,1,1
v3_experimental,1829701775078716,182970,180,3,11,11,0,11,169,0,0,0,2
v3_experimental,1829701776301351,182970,320,2,7,7,0,7,313,0,0,1,1
v3_experimental,1829701776560830,182970,199,3,10,8,2,8,189,0,0,1,1
v3_experimental,1829711775007993,182971,108,2,6,6,0,6,102,0,0,0,1
v3_experimental,1829711775062668,182971,86,2,4,4,0,4,82,0,0,1,0
v3_experimental,1829711775091952,182971,100,2,6,6,0,6,94,0,0,1,1
v3_experimental,1829711776381641,182971,112,3,5,5,0,5,107,0,0,0,1
v3_experimental,1833701775087489,183370,118,2,6,6,0,6,112,0,0,1,1
v3_experimental,1833701776322922,183370,248,2,13,12,1,12,235,0,0,0,1
v3_experimental,1833701776368100,183370,90,1,3,3,0,3,87,0,0,0,0
v3_experimental,1833701776385283,183370,136,2,4,4,0,4,132,0,0,1,0
v3_experimental,1833701776916791,183370,106,2,6,6,0,6,100,0,0,1,0
v3_experimental,1833741775113921,183374,167,1,4,4,0,4,163,0,0,0,0
v3_experimental,1833741775162145,183374,201,2,7,7,0,7,194,0,0,1,1
v3_experimental,1833741776391569,183374,256,2,5,5,0,5,251,0,0,0,1
v3_experimental,1833741776436137,183374,243,3,4,4,0,4,239,0,0,1,1
v3_experimental,1833741776482915,183374,324,3,6,6,0,6,318,0,0,2,1
v3_experimental,1833821775007413,183382,159,2,6,5,1,5,153,0,0,0,1
v3_experimental,1833821775136919,183382,65,1,4,4,0,4,61,0,0,0,0
v3_experimental,1833821775157343,183382,63,2,3,3,0,3,60,0,0,1,1
v3_experimental,1833821776289503,183382,41,1,3,3,0,3,38,0,0,0,0
v3_experimental,1833821776378198,183382,100,3,6,6,0,6,94,0,0,2,1
v3_experimental,1847001775092025,184700,111,3,7,7,0,7,104,0,0,1,1
v3_experimental,1847001775155087,184700,131,1,2,2,0,2,129,0,0,0,0
v3_experimental,1847001776293430,184700,326,3,5,5,0,5,321,0,0,1,1
v3_experimental,1847001776359257,184700,343,2,8,8,0,8,335,0,0,0,1
v3_experimental,1847001776478976,184700,295,4,7,7,0,7,288,0,0,3,2
v3_experimental,1847001776915092,184700,61,2,3,3,0,3,58,0,0,1,1
v3_experimental,1847001776953102,184700,45,3,4,4,0,4,41,0,0,2,1
v3_experimental,1848281776289801,184828,185,2,6,6,0,6,179,0,0,0,1
v3_experimental,1848281776441854,184828,264,1,2,2,0,2,262,0,0,0,0
v3_experimental,1848281776467555,184828,236,1,6,6,0,6,230,0,0,0,0
v3_experimental,1848301776450704,184830,238,2,2,2,0,2,236,0,0,1,1
v3_experimental,1848301776475553,184830,224,2,5,5,0,5,219,0,0,0,1
v3_experimental,1848311775093984,184831,128,3,7,7,0,7,121,0,0,1,1
v3_experimental,1848311775170666,184831,59,1,1,1,0,1,58,0,0,0,0
v3_experimental,1848311776444757,184831,368,2,5,5,0,5,363,0,0,1,1
v3_experimental,1848311776486229,184831,252,3,4,4,0,4,248,0,0,2,1
v3_experimental,1848311776537365,184831,111,1,0,0,0,0,111,0,0,0,0
v3_experimental,1848401775081518,184840,96,2,2,2,0,2,94,0,0,0,1
v3_experimental,1848401775127722,184840,104,1,1,1,0,1,103,0,0,0,0
v3_experimental,1848401776318558,184840,328,4,6,6,0,6,322,0,0,1,1
v3_experimental,1848401776375047,184840,107,2,1,1,0,1,106,0,0,1,1
v3_experimental,1848401776387287,184840,156,2,4,4,0,4,152,0,0,0,1
v3_experimental,1848421775056295,184842,107,2,4,4,0,4,103,0,0,0,1
v3_experimental,1848421775142501,184842,118,3,9,8,1,8,109,0,0,1,2
v3_experimental,1848421776311477,184842,166,2,10,10,0,10,156,0,0,0,2
v3_experimental,1848421776362187,184842,53,3,4,4,0,4,49,0,0,0,1
v3_experimental,1848431775327468,184843,88,1,8,8,0,8,80,0,0,0,0
v3_experimental,1848431776285949,184843,68,1,4,4,0,4,64,0,0,0,0
v3_experimental,1848431776316086,184843,203,2,6,6,0,6,197,0,0,1,1
v3_experimental,1848431776348522,184843,144,1,13,13,0,13,131,0,0,0,0
v3_experimental,1848431776388101,184843,176,2,5,5,0,5,171,0,0,0,1
v3_experimental,1849491775196357,184949,96,1,1,1,0,1,95,0,0,0,0
v3_experimental,1849491776290478,184949,265,3,8,7,1,7,257,0,0,1,1
v3_experimental,1849491776348347,184949,300,4,8,8,0,8,292,0,0,0,1
v3_experimental,1849491776380846,184949,283,2,15,15,0,15,268,0,0,0,1
v3_experimental,1849491776427546,184949,298,1,5,5,0,5,293,0,0,0,0
v3_experimental,1849501775138844,184950,149,4,9,9,0,9,140,0,0,3,1
v3_experimental,1849501775173015,184950,149,4,9,9,0,9,140,0,0,2,1
v3_experimental,1849501775222144,184950,120,3,4,4,0,4,116,0,0,0,2
v3_experimental,1849501776325937,184950,121,1,0,0,0,0,121,0,0,0,0
v3_experimental,1849501776351238,184950,130,4,13,12,1,12,117,0,0,0,1
v3_experimental,1849501776958518,184950,116,2,5,5,0,5,111,0,0,1,1
v3_experimental,1852761775042780,185276,73,2,3,3,0,3,70,0,0,1,1
v3_experimental,1852761775245934,185276,80,2,5,5,0,5,75,0,0,0,1
v3_experimental,1852761776296553,185276,194,1,3,3,0,3,191,0,0,0,0
v3_experimental,1852761776663773,185276,89,1,2,2,0,2,87,0,0,0,0
v3_experimental,1852761776692357,185276,90,2,6,6,0,6,84,0,0,1,1
v3_experimental,1866411775023282,186641,95,4,8,8,0,8,87,0,0,2,2
v3_experimental,1866411775379866,186641,105,4,16,16,0,16,89,0,0,2,2
v3_experimental,1866411775417464,186641,87,3,9,9,0,9,78,0,0,2,1
v3_experimental,1866411775440431,186641,152,3,7,7,0,7,145,0,0,0,2
v3_experimental,1866411775610332,186641,127,3,3,3,0,3,124,0,0,1,1
v3_experimental,1866471775146080,186647,162,2,14,14,0,14,148,0,0,0,1
v3_experimental,1866471775221895,186647,166,2,10,10,0,10,156,0,0,1,0
v3_experimental,1866471775409751,186647,82,2,9,8,1,8,73,0,0,0,2
v3_experimental,1866471776284137,186647,150,2,10,10,0,10,140,0,0,1,1
v3_experimental,1866471776303123,186647,153,1,1,1,0,1,152,0,0,0,0
v3_experimental,1866471776546667,186647,83,2,1,1,0,1,82,0,0,0,1
v3_experimental,1866491775034556,186649,119,2,7,7,0,7,112,0,0,0,1
v3_experimental,1866491775073311,186649,73,1,2,2,0,2,71,0,0,0,0
v3_experimental,1866491775117837,186649,105,2,3,3,0,3,102,0,0,0,1
v3_experimental,1866501775130174,186650,341,2,19,18,1,18,322,0,0,1,1
v3_experimental,1866501775173371,186650,286,5,14,14,0,14,272,0,0,2,2
v3_experimental,1866501776290564,186650,337,3,6,6,0,6,331,0,0,1,1
v3_experimental,1866501776327650,186650,387,3,20,18,2,18,367,0,0,1,1
v3_experimental,1866501776382930,186650,392,3,8,8,0,8,384,0,0,1,1
v3_experimental,1866501776418069,186650,399,3,25,25,0,25,374,0,0,0,1
v3_experimental,1866531775078713,186653,61,1,7,7,0,7,54,0,0,0,0
v3_experimental,1866531775123683,186653,136,3,12,12,0,12,124,0,0,1,1
v3_experimental,1866531776291130,186653,269,4,12,12,0,12,257,0,0,1,2
v3_experimental,1866531776371445,186653,111,2,4,4,0,4,107,0,0,0,0
v3_experimental,1866531776421295,186653,262,1,6,6,0,6,256,0,0,0,0
v3_experimental,1866531776513285,186653,99,2,3,3,0,3,96,0,0,0,0
v3_experimental,1866541775071553,186654,148,2,3,3,0,3,145,0,0,0,1
v3_experimental,1866541775094328,186654,280,2,5,5,0,5,275,0,0,1,1
v3_experimental,1866541775532693,186654,175,4,8,7,1,7,167,0,0,2,1
v3_experimental,1866561775326013,186656,77,1,1,1,0,1,76,0,0,0,0
v3_experimental,1866601775146920,186660,448,1,8,8,0,8,440,0,0,0,0
v3_experimental,1866601775188642,186660,348,3,8,8,0,8,340,0,0,0,1
v3_experimental,1866601776657089,186660,311,4,14,13,1,13,297,0,0,1,2
v3_experimental,1866601776711483,186660,198,2,5,5,0,5,193,0,0,0,1
v3_experimental,1866611775027769,186661,81,2,7,7,0,7,74,0,0,1,1
v3_experimental,1866611775060331,186661,75,4,7,7,0,7,68,0,0,3,1
v3_experimental,1866611775119512,186661,139,4,7,7,0,7,132,0,0,2,3
v3_experimental,1866621775112847,186662,127,2,16,16,0,16,111,0,0,0,1
v3_experimental,1866621775201383,186662,99,1,3,3,0,3,96,0,0,0,0
v3_experimental,1866621776423250,186662,280,3,17,16,1,16,263,0,0,0,1
v3_experimental,1866621776500237,186662,250,2,10,10,0,10,240,0,0,0,1
v3_experimental,1866631775164148,186663,165,2,4,4,0,4,161,0,0,0,1
v3_experimental,1866631776433951,186663,151,1,0,0,0,0,151,0,0,0,0
v3_experimental,1866631776463470,186663,145,1,0,0,0,0,145,0,0,0,0
v3_experimental,1866631776539548,186663,244,3,5,5,0,5,239,0,0,2,1
v3_experimental,1866651776294978,186665,113,2,2,1,1,1,111,0,0,1,1
v3_experimental,1866651776307639,186665,92,3,6,6,0,6,86,0,0,2,2
v3_experimental,1866661775098621,186666,85,2,1,1,0,1,84,0,0,1,1
v3_experimental,1866661775141683,186666,93,1,2,2,0,2,91,0,0,0,0
v3_experimental,1866661775168152,186666,168,2,6,5,1,5,162,0,0,0,2
v3_experimental,1866661776292944,186666,226,2,9,9,0,9,217,0,0,0,1
v3_experimental,1866661776324630,186666,228,1,1,1,0,1,227,0,0,0,0
v3_experimental,1866661776389930,186666,361,2,16,15,1,15,345,0,0,0,1
v3_experimental,1866661776451777,186666,221,4,13,13,0,13,208,0,0,2,1
v3_experimental,1866681775287047,186668,54,3,9,8,1,8,45,0,0,2,2
v3_experimental,1866681775314197,186668,51,1,0,0,0,0,51,0,0,0,0
v3_experimental,1866681775327500,186668,100,2,3,3,0,3,97,0,0,1,1
v3_experimental,1866701776304726,186670,161,3,5,4,1,4,156,0,0,1,1
v3_experimental,1866701776333527,186670,134,3,6,6,0,6,128,0,0,1,2
v3_experimental,1866731775035702,186673,130,2,6,5,1,5,124,0,0,0,1
v3_experimental,1866731775062832,186673,90,1,5,5,0,5,85,0,0,0,0
v3_experimental,1866731775097484,186673,123,3,5,4,1,4,118,0,0,1,2
v3_experimental,1866741775041537,186674,98,2,5,5,0,5,93,0,0,0,1
v3_experimental,1866741775092370,186674,153,1,0,0,0,0,153,0,0,0,0
v3_experimental,1866741775158075,186674,54,1,2,2,0,2,52,0,0,0,0
v3_experimental,1866791775085841,186679,110,1,1,1,0,1,109,0,0,0,0
v3_experimental,1866791776306926,186679,232,2,6,6,0,6,226,0,0,1,1
v3_experimental,1866791776370576,186679,192,1,1,1,0,1,191,0,0,0,0
v3_experimental,1866791776933545,186679,155,2,4,4,0,4,151,0,0,1,1
v3_experimental,1866791776958655,186679,171,1,3,3,0,3,168,0,0,0,0
v3_experimental,1866851775062800,186685,62,2,4,4,0,4,58,0,0,0,2
v3_experimental,1866851775164551,186685,113,4,9,9,0,9,104,0,0,1,1
v3_experimental,1866861775076981,186686,113,2,3,3,0,3,110,0,0,0,2
v3_experimental,1866861775119791,186686,70,2,7,7,0,7,63,0,0,1,1
v3_experimental,1866871775086893,186687,71,2,2,2,0,2,69,0,0,1,0
v3_experimental,1866871775240158,186687,86,2,4,4,0,4,82,0,0,0,1
v3_experimental,1866871776286820,186687,253,1,3,3,0,3,250,0,0,0,0
v3_experimental,1866871776332352,186687,100,2,2,2,0,2,98,0,0,1,0
v3_experimental,1866871776396957,186687,96,1,1,0,1,0,95,0,0,0,0
v3_experimental,1866881775144918,186688,138,2,4,4,0,4,134,0,0,1,1
v3_experimental,1866881776291215,186688,260,4,6,4,2,4,254,0,0,1,1
v3_experimental,1866881776315349,186688,193,2,7,7,0,7,186,0,0,0,2
v3_experimental,1866881776352165,186688,380,2,7,7,0,7,373,0,0,1,1
v3_experimental,1866881776390715,186688,356,3,13,13,0,13,343,0,0,0,1
v3_experimental,1866921776353433,186692,303,2,13,12,1,12,290,0,0,0,1
v3_experimental,1866921776780435,186692,318,5,17,16,1,16,301,0,0,4,1
v3_experimental,1866971775047635,186697,203,4,12,12,0,12,191,0,0,2,3
v3_experimental,1866971775086585,186697,316,2,9,9,0,9,307,0,0,1,1
v3_experimental,1866971775237682,186697,391,1,2,2,0,2,389,0,0,0,0
v3_experimental,1866991775030159,186699,43,3,5,5,0,5,38,0,0,1,1
v3_experimental,1866991775055199,186699,78,4,9,9,0,9,69,0,0,3,2
v3_experimental,1866991775148618,186699,345,3,6,6,0,6,339,0,0,2,1
v3_experimental,1866991776298802,186699,311,3,9,9,0,9,302,0,0,1,1
v3_experimental,1866991776355887,186699,247,3,7,7,0,7,240,0,0,1,1
v3_experimental,1867051775093888,186705,57,2,4,4,0,4,53,0,0,0,1
v3_experimental,1867051775128760,186705,49,1,1,1,0,1,48,0,0,0,0
v3_experimental,1867051776354899,186705,183,1,4,4,0,4,179,0,0,0,0
v3_experimental,1867051776381165,186705,162,2,3,3,0,3,159,0,0,1,1
v3_experimental,1867051776395819,186705,137,2,8,8,0,8,129,0,0,0,1
v3_experimental,1867051776943134,186705,159,3,9,9,0,9,150,0,0,2,2
v3_experimental,1867051776959604,186705,151,2,5,5,0,5,146,0,0,0,1
v3_experimental,1867121775058989,186712,57,2,10,10,0,10,47,0,0,1,1
v3_experimental,1867131775106125,186713,363,3,11,11,0,11,352,0,0,0,1
v3_experimental,1867131776405754,186713,332,4,20,17,3,17,312,0,0,1,3
v3_experimental,1867131776712300,186713,65,3,6,4,2,4,59,0,0,2,1
v3_experimental,1867151775185070,186715,129,3,6,6,0,6,123,0,0,1,1
v3_experimental,1867151775274275,186715,102,1,1,1,0,1,101,0,0,0,0
v3_experimental,1867151775308350,186715,70,1,2,2,0,2,68,0,0,0,0
v3_experimental,1867151776292657,186715,112,3,2,2,0,2,110,0,0,2,1
v3_experimental,1867151776307537,186715,182,2,8,6,2,6,174,0,0,0,2
v3_experimental,1867151776377491,186715,122,1,0,0,0,0,122,0,0,0,0
v3_experimental,1867151776401521,186715,156,2,5,5,0,5,151,0,0,1,0
v3_experimental,1867171775062245,186717,55,2,6,6,0,6,49,0,0,1,1
v3_experimental,1867171775091365,186717,43,1,1,1,0,1,42,0,0,0,0
v3_experimental,1867171775176184,186717,117,1,1,1,0,1,116,0,0,0,0
v3_experimental,1867201775180470,186720,121,3,10,10,0,10,111,0,0,2,2
v3_experimental,1867201775293591,186720,113,3,5,5,0,5,108,0,0,1,2
v3_experimental,1867201776313400,186720,183,4,9,9,0,9,174,0,0,2,2
v3_experimental,1867201776331790,186720,333,2,12,12,0,12,321,0,0,0,1
v3_experimental,1867201776957935,186720,172,3,4,4,0,4,168,0,0,1,2
v3_experimental,1867221776287201,186722,131,1,1,1,0,1,130,0,0,0,0
v3_experimental,1867221776304031,186722,200,1,0,0,0,0,200,0,0,0,0
v3_experimental,1867221776329148,186722,161,2,3,3,0,3,158,0,0,1,1
v3_experimental,1867331776356148,186733,338,2,6,6,0,6,332,0,0,1,0
v3_experimental,1867331776398653,186733,328,3,20,19,1,19,308,0,0,1,1
v3_experimental,1867391775208367,186739,107,2,4,4,0,4,103,0,0,1,1
v3_experimental,1867391775235817,186739,86,2,5,5,0,5,81,0,0,1,1
v3_experimental,1867391776295243,186739,203,3,9,9,0,9,194,0,0,1,2
v3_experimental,1867391776320623,186739,242,4,6,4,2,4,236,0,0,2,2
v3_experimental,1867421775047983,186742,102,2,3,3,0,3,99,0,0,1,1
v3_experimental,1867421775069568,186742,91,1,5,5,0,5,86,0,0,0,0
v3_experimental,1867421775112999,186742,73,1,1,1,0,1,72,0,0,0,0
v3_experimental,1867461775421243,186746,162,2,13,12,1,12,149,0,0,0,1
v3_experimental,1867461776293403,186746,121,3,6,6,0,6,115,0,0,0,1
v3_experimental,1867461776393529,186746,337,4,12,9,3,9,325,0,0,2,1
v3_experimental,1867461776487856,186746,292,5,14,13,1,13,278,0,0,2,1
v3_experimental,1867471775256465,186747,61,1,0,0,0,0,61,0,0,0,0
v3_experimental,1867501775065136,186750,69,1,0,0,0,0,69,0,0,0,0
v3_experimental,1867501775095743,186750,62,2,3,3,0,3,59,0,0,1,1
v3_experimental,1867511775162824,186751,60,1,0,0,0,0,60,0,0,0,0
v3_experimental,1867511775196304,186751,94,2,4,3,1,3,90,0,0,1,1
v3_experimental,1867511776385060,186751,198,3,5,5,0,5,193,0,0,0,1
v3_experimental,1867511776524656,186751,209,2,8,8,0,8,201,0,0,1,1
v3_experimental,1867531776567943,186753,86,1,6,6,0,6,80,0,0,0,0
v3_experimental,1867541776296278,186754,119,1,1,1,0,1,118,0,0,0,0
v3_experimental,1867571776417406,186757,165,2,4,4,0,4,161,0,0,0,1
v3_experimental,1867571776441118,186757,122,1,1,1,0,1,121,0,0,0,0
v3_experimental,1867571776459361,186757,107,2,8,8,0,8,99,0,0,1,1
v3_experimental,1887721775047847,188772,88,1,2,2,0,2,86,0,0,0,0
v3_experimental,1887721776326363,188772,310,2,8,7,1,7,302,0,0,1,1
v3_experimental,1887721776615477,188772,247,2,6,5,1,5,241,0,0,0,1
v3_experimental,1888031775100387,188803,48,2,7,7,0,7,41,0,0,1,1
v3_experimental,1888031775134437,188803,44,1,8,8,0,8,36,0,0,0,0
v3_experimental,1888031775154007,188803,83,3,9,9,0,9,74,0,0,1,1
v3_experimental,1888031775512745,188803,38,2,8,8,0,8,30,0,0,1,1
v3_experimental,1888041775054341,188804,108,2,5,5,0,5,103,0,0,0,1
v3_experimental,1888041776316680,188804,168,2,1,1,0,1,167,0,0,0,0
v3_experimental,1888041776367331,188804,231,2,4,4,0,4,227,0,0,0,0
v3_experimental,1888041776400301,188804,160,1,1,1,0,1,159,0,0,0,0
v3_experimental,1888091775071940,188809,249,2,11,11,0,11,238,0,0,0,1
v3_experimental,1888091775110927,188809,378,3,20,19,1,19,358,0,0,0,1
v3_experimental,1888091775176979,188809,319,3,3,3,0,3,316,0,0,0,1
v3_experimental,1985391775231519,198539,78,2,2,2,0,2,76,0,0,1,1
v3_experimental,1985391776354259,198539,217,5,9,9,0,9,208,0,0,2,2
v3_experimental,1985391776400059,198539,127,3,9,9,0,9,118,0,0,0,1
v3_experimental,1990551775238429,199055,159,2,5,5,0,5,154,0,0,1,1
v3_experimental,1990551775281271,199055,105,1,3,3,0,3,102,0,0,0,0
v3_experimental,1990551775415756,199055,172,4,10,10,0,10,162,0,0,2,1
v3_experimental,1990551776323071,199055,227,1,5,5,0,5,222,0,0,0,0
v3_experimental,1990551776389549,199055,189,2,9,9,0,9,180,0,0,0,1
v3_experimental,711141775096868,71114,89,1,2,2,0,2,87,0,0,0,0
v3_experimental,711141775187195,71114,48,1,0,0,0,0,48,0,0,0,0
v3_experimental,711291776361979,71129,123,3,14,14,0,14,109,0,0,0,1
v3_experimental,711291776448772,71129,126,3,8,8,0,8,118,0,0,1,1
v3_experimental,711331775052409,71133,127,2,1,1,0,1,126,0,0,0,1
v3_experimental,711331775079249,71133,118,3,3,3,0,3,115,0,0,1,1
v3_experimental,711331775099796,71133,176,3,10,10,0,10,166,0,0,0,1
v3_experimental,711331776439176,71133,182,1,5,5,0,5,177,0,0,0,0
v3_experimental,711601775089573,71160,64,1,0,0,0,0,64,0,0,0,0
v3_experimental,711601775342768,71160,97,5,7,6,1,6,90,0,0,2,2
v3_experimental,711681775065007,71168,108,2,5,5,0,5,103,0,0,0,0
v3_experimental,711681775085427,71168,100,2,7,7,0,7,93,0,0,1,1
v3_experimental,711681775130131,71168,62,1,2,2,0,2,60,0,0,0,0
v3_experimental,711681775146451,71168,77,1,3,3,0,3,74,0,0,0,0
v3_experimental,711681776360607,71168,191,2,7,7,0,7,184,0,0,1,1
v3_experimental,711681776380077,71168,70,2,3,3,0,3,67,0,0,0,1
v3_experimental,711781776748462,71178,50,2,2,2,0,2,48,0,0,1,1
v3_experimental,711861775294902,71186,281,3,8,8,0,8,273,0,0,1,0
v3_experimental,711861775341324,71186,265,3,15,15,0,15,250,0,0,0,1
v3_experimental,711861776294178,71186,359,2,5,5,0,5,354,0,0,1,1
v3_experimental,711861776322018,71186,270,3,11,10,1,10,259,0,0,1,1
v3_experimental,711861776366938,71186,225,1,8,8,0,8,217,0,0,0,0
v3_experimental,711901776439310,71190,391,4,22,19,3,19,369,0,0,0,1
v3_experimental,711901776485730,71190,315,2,10,10,0,10,305,0,0,0,2
v3_experimental,711971775139525,71197,134,1,1,1,0,1,133,0,0,0,0
v3_experimental,711971775234669,71197,148,2,5,5,0,5,143,0,0,1,1
v3_experimental,712061775469335,71206,101,2,2,2,0,2,99,0,0,1,1
v3_experimental,712061776297110,71206,205,1,1,1,0,1,204,0,0,0,0
v3_experimental,712061776320650,71206,191,2,6,6,0,6,185,0,0,1,0
v3_experimental,712061776472953,71206,120,2,5,5,0,5,115,0,0,0,1
v3_experimental,712061776937695,71206,85,3,3,3,0,3,82,0,0,1,2
v3_experimental,712301776467959,71230,248,1,4,4,0,4,244,0,0,0,0
v3_experimental,712521775197524,71252,95,4,7,6,1,6,88,0,0,2,2
v3_experimental,712521775220724,71252,91,2,6,6,0,6,85,0,0,0,2
v3_experimental,712521775267751,71252,106,6,23,23,0,23,83,0,0,4,1
v3_experimental,712571775055448,71257,121,4,4,4,0,4,117,0,0,0,2
v3_experimental,712571775098264,71257,56,1,4,4,0,4,52,0,0,0,0
v3_experimental,712571775115509,71257,67,2,4,4,0,4,63,0,0,1,1
v3_experimental,712571776934598,71257,399,5,17,14,3,14,382,0,0,0,2
v3_experimental,712641776469659,71264,138,4,16,15,1,15,122,0,0,2,2
v3_experimental,712661775263170,71266,85,2,4,4,0,4,81,0,0,1,1
v3_experimental,712661775366997,71266,53,1,3,3,0,3,50,0,0,0,0
v3_experimental,712661776304058,71266,309,4,13,11,2,11,296,0,0,0,1
v3_experimental,712661776393467,71266,264,2,6,6,0,6,258,0,0,0,1
v3_experimental,712671775294963,71267,87,3,8,8,0,8,79,0,0,0,1
v3_experimental,713741775081500,71374,126,2,4,4,0,4,122,0,0,1,1
v3_experimental,713741775099161,71374,116,1,1,0,1,0,115,0,0,0,0
v3_experimental,713741775109941,71374,288,2,10,9,1,9,278,0,0,0,1
v3_experimental,715661775104863,71566,111,1,2,2,0,2,109,0,0,0,0
v3_experimental,715661775156715,71566,90,2,4,4,0,4,86,0,0,1,0
v3_experimental,715661776496674,71566,282,3,12,11,1,11,270,0,0,1,2
v3_experimental,715661776548509,71566,260,4,7,7,0,7,253,0,0,3,1
v3_experimental,715721775157580,71572,248,1,3,3,0,3,245,0,0,0,0
v3_experimental,715731775073362,71573,153,2,3,3,0,3,150,0,0,0,1
v3_experimental,715731776550555,71573,166,3,8,8,0,8,158,0,0,2,1
v3_experimental,715731776605947,71573,181,2,6,6,0,6,175,0,0,1,1
v3_experimental,715731776644128,71573,278,2,8,8,0,8,270,0,0,1,1
v3_experimental,715771776453131,71577,379,2,7,7,0,7,372,0,0,1,1
v3_experimental,715771776525134,71577,282,2,4,4,0,4,278,0,0,1,1
v3_experimental,715771776643720,71577,323,1,5,5,0,5,318,0,0,0,0
v3_experimental,715861775157695,71586,45,2,2,2,0,2,43,0,0,1,1
v3_experimental,716131775247100,71613,80,2,2,2,0,2,78,0,0,1,1
v3_experimental,716131775294644,71613,60,1,1,1,0,1,59,0,0,0,0
v3_experimental,716131776357095,71613,292,2,12,12,0,12,280,0,0,1,1
v3_experimental,716131776384657,71613,246,3,4,4,0,4,242,0,0,0,1
v3_experimental,716131776699492,71613,259,3,6,6,0,6,253,0,0,2,2
v3_experimental,716141775805121,71614,48,1,3,3,0,3,45,0,0,0,0
v3_experimental,716151775103393,71615,49,1,1,0,1,0,48,0,0,0,0
v3_experimental,716151775124402,71615,71,2,3,3,0,3,68,0,0,0,1
v3_experimental,716151775604826,71615,180,2,10,10,0,10,170,0,0,0,1
v3_experimental,716151776455883,71615,85,1,0,0,0,0,85,0,0,0,0
v3_experimental,716151776523235,71615,196,4,11,11,0,11,185,0,0,2,2
v3_experimental,716151776951145,71615,189,1,6,6,0,6,183,0,0,0,0
v3_experimental,716291775244775,71629,113,1,2,2,0,2,111,0,0,0,0
v3_experimental,716291775508813,71629,76,3,8,8,0,8,68,0,0,2,1
v3_experimental,716321776575527,71632,262,3,11,11,0,11,251,0,0,1,1
v3_experimental,716321776629966,71632,205,3,8,8,0,8,197,0,0,1,1
v3_experimental,716321776910884,71632,381,2,10,10,0,10,371,0,0,0,1
v3_experimental,716411775554524,71641,111,3,14,14,0,14,97,0,0,1,1
v3_experimental,716411776290555,71641,324,1,9,9,0,9,315,0,0,0,0
v3_experimental,716411776402224,71641,338,2,7,7,0,7,331,0,0,0,1
v3_experimental,716411776464865,71641,239,2,7,7,0,7,232,0,0,0,1
v3_experimental,716411776552177,71641,300,3,6,6,0,6,294,0,0,0,1
v3_experimental,716471776715326,71647,321,2,8,8,0,8,313,0,0,1,1
v3_experimental,716491776325176,71649,198,2,5,5,0,5,193,0,0,1,1
v3_experimental,716491776904420,71649,157,1,3,3,0,3,154,0,0,0,0
v3_experimental,716491776919640,71649,231,3,7,7,0,7,224,0,0,1,1
v3_experimental,716511775513134,71651,95,1,3,3,0,3,92,0,0,0,0
v3_experimental,716511775531224,71651,149,5,13,12,1,12,136,0,0,4,1
v3_experimental,716511776879567,71651,138,3,6,6,0,6,132,0,0,1,0
v3_experimental,716561775127389,71656,28,2,2,2,0,2,26,0,0,1,0
v3_experimental,716561775458958,71656,151,3,27,25,2,25,124,0,0,1,2
v3_experimental,716561775756801,71656,28,3,4,4,0,4,24,0,0,2,1
v3_experimental,716561775818933,71656,43,2,6,5,1,5,37,0,0,1,1
v3_experimental,716561776294360,71656,59,2,3,3,0,3,56,0,0,0,1
v3_experimental,716561776347592,71656,233,3,12,12,0,12,221,0,0,2,1
v3_experimental,716651775027850,71665,61,2,4,3,1,3,57,0,0,1,1
v3_experimental,716651775067080,71665,63,1,2,2,0,2,61,0,0,0,0
v3_experimental,716651775081460,71665,101,3,5,5,0,5,96,0,0,2,1
v3_experimental,716671775212935,71667,102,3,5,5,0,5,97,0,0,1,2
v3_experimental,716671775240518,71667,75,3,8,8,0,8,67,0,0,1,0
v3_experimental,716671775460854,71667,168,4,12,11,1,11,156,0,0,1,2
v3_experimental,716671776351315,71667,332,5,13,11,2,11,319,0,0,1,2
v3_experimental,716671776385519,71667,269,3,5,5,0,5,264,0,0,1,1
v3_experimental,716681775216460,71668,91,7,12,12,0,12,79,0,0,4,2
v3_experimental,716681775241231,71668,98,2,7,7,0,7,91,0,0,0,1
v3_experimental,716681775305122,71668,90,3,5,4,1,4,85,0,0,2,1
v3_experimental,716681776542382,71668,226,4,15,15,0,15,211,0,0,2,2
v3_experimental,716681776618383,71668,208,4,13,13,0,13,195,0,0,1,2
v3_experimental,716681776713758,71668,245,3,25,24,1,24,220,0,0,1,1
v3_experimental,716721775048243,71672,105,4,7,7,0,7,98,0,0,1,2
v3_experimental,716741775125491,71674,232,3,17,15,2,15,215,0,0,1,1
v3_experimental,716741775357021,71674,148,3,14,14,0,14,134,0,0,1,2
v3_experimental,716741775473091,71674,112,2,7,7,0,7,105,0,0,1,1
v3_experimental,716761775049801,71676,115,2,4,4,0,4,111,0,0,0,1
v3_experimental,716761775073925,71676,89,2,4,3,1,3,85,0,0,1,1
v3_experimental,716761775114906,71676,70,1,3,3,0,3,67,0,0,0,0
v3_experimental,716821775035356,71682,71,4,7,7,0,7,64,0,0,1,3
v3_experimental,716821775101184,71682,86,2,6,6,0,6,80,0,0,0,0
v3_experimental,716821775367857,71682,109,7,12,11,1,11,97,0,0,3,2
v3_experimental,716931776299828,71693,84,1,3,3,0,3,81,0,0,0,0
v3_experimental,716941776342794,71694,341,3,30,29,1,29,311,0,0,1,2
v3_experimental,716941776414861,71694,313,3,34,32,2,32,279,0,0,1,1
v3_experimental,716971775050171,71697,110,2,31,31,0,31,79,0,0,0,1
v3_experimental,716971775198881,71697,75,2,6,6,0,6,69,0,0,1,1
v3_experimental,716971775516335,71697,184,1,22,22,0,22,162,0,0,0,0
v3_experimental,716971776440402,71697,295,3,28,27,1,27,267,0,0,0,2
v3_experimental,717021775054869,71702,123,2,8,8,0,8,115,0,0,0,2
v3_experimental,717021775128218,71702,94,4,7,7,0,7,87,0,0,2,2
v3_experimental,717021775158260,71702,98,2,4,4,0,4,94,0,0,0,1
v3_experimental,717041775076946,71704,168,2,7,7,0,7,161,0,0,1,1
v3_experimental,717041775137618,71704,164,3,9,9,0,9,155,0,0,2,1
v3_experimental,717041775224857,71704,154,3,7,6,1,6,147,0,0,1,1
v3_experimental,717081775342196,71708,64,2,3,3,0,3,61,0,0,0,2
v3_experimental,717081775440049,71708,62,2,8,7,1,7,54,0,0,0,1
v3_experimental,717081775602306,71708,131,2,13,13,0,13,118,0,0,0,1
v3_experimental,717111775209843,71711,114,3,4,3,1,3,110,0,0,2,1
v3_experimental,717111775366551,71711,131,4,16,16,0,16,115,0,0,2,1
v3_experimental,717111775477746,71711,80,3,6,6,0,6,74,0,0,2,1
v3_experimental,717131775297221,71713,93,2,5,5,0,5,88,0,0,0,2
v3_experimental,717151776566389,71715,119,2,5,5,0,5,114,0,0,1,1
v3_experimental,717151776876232,71715,374,2,23,19,4,19,351,0,0,0,1
v3_experimental,717151776919573,71715,490,3,14,12,2,12,476,0,0,2,2
v3_experimental,966611776342728,96661,265,2,21,20,1,20,244,0,0,0,1
v3_experimental,966611776414817,96661,324,2,20,18,2,18,304,0,0,0,1
v3_experimental,966681775068431,96668,43,3,3,3,0,3,40,0,0,1,2
v3_experimental,966681775121086,96668,93,3,7,7,0,7,86,0,0,1,1
v3_experimental,966681776310324,96668,223,1,0,0,0,0,223,0,0,0,0
v3_experimental,966681776350421,96668,214,4,9,8,1,8,205,0,0,2,2
